relative_path,note,note_obsidian,attachment,quarantined,extract_status,size
团队管理/Amazon团队架构思维导图.pdf,10_亚马逊知识库同步/团队管理/Amazon团队架构思维导图.md,10_亚马逊知识库同步/团队管理/Amazon团队架构思维导图,Attachments/亚马逊知识库原件/团队管理/Amazon团队架构思维导图.pdf,no,ok,1941612
团队管理/【03管理】AI提示词库-绩效面谈SOP.pdf,10_亚马逊知识库同步/团队管理/【03管理】AI提示词库-绩效面谈SOP.md,10_亚马逊知识库同步/团队管理/【03管理】AI提示词库-绩效面谈SOP,Attachments/亚马逊知识库原件/团队管理/【03管理】AI提示词库-绩效面谈SOP.pdf,no,ok,834432
团队管理/【03管理】亚马逊团队薪酬&岗位职责模版.xlsx,10_亚马逊知识库同步/团队管理/【03管理】亚马逊团队薪酬&岗位职责模版.md,10_亚马逊知识库同步/团队管理/【03管理】亚马逊团队薪酬&岗位职责模版,Attachments/亚马逊知识库原件/团队管理/【03管理】亚马逊团队薪酬&岗位职责模版.xlsx,no,ok,17703
团队管理/【03管理】亚马逊运营主管考核与绩效模版.xlsx,10_亚马逊知识库同步/团队管理/【03管理】亚马逊运营主管考核与绩效模版.md,10_亚马逊知识库同步/团队管理/【03管理】亚马逊运营主管考核与绩效模版,Attachments/亚马逊知识库原件/团队管理/【03管理】亚马逊运营主管考核与绩效模版.xlsx,no,ok,24433
团队管理/亚马逊公司岗位绩效考核表.xlsx,10_亚马逊知识库同步/团队管理/亚马逊公司岗位绩效考核表.md,10_亚马逊知识库同步/团队管理/亚马逊公司岗位绩效考核表,Attachments/亚马逊知识库原件/团队管理/亚马逊公司岗位绩效考核表.xlsx,no,ok,51088
团队管理/亚马逊团队绩效评估表.xlsx,10_亚马逊知识库同步/团队管理/亚马逊团队绩效评估表.md,10_亚马逊知识库同步/团队管理/亚马逊团队绩效评估表,Attachments/亚马逊知识库原件/团队管理/亚马逊团队绩效评估表.xlsx,no,ok,62332
团队管理/亚马逊运营主管KPI绩效考核表.xlsx,10_亚马逊知识库同步/团队管理/亚马逊运营主管KPI绩效考核表.md,10_亚马逊知识库同步/团队管理/亚马逊运营主管KPI绩效考核表,Attachments/亚马逊知识库原件/团队管理/亚马逊运营主管KPI绩效考核表.xlsx,no,ok,60554
团队管理/亚马逊运营人员KPI绩效考核表.xls,10_亚马逊知识库同步/团队管理/亚马逊运营人员KPI绩效考核表.md,10_亚马逊知识库同步/团队管理/亚马逊运营人员KPI绩效考核表,Attachments/亚马逊知识库原件/团队管理/亚马逊运营人员KPI绩效考核表.xls,no,metadata_only,35840
团队管理/周报模板.xlsx,10_亚马逊知识库同步/团队管理/周报模板.md,10_亚马逊知识库同步/团队管理/周报模板,Attachments/亚马逊知识库原件/团队管理/周报模板.xlsx,no,ok,377744
团队管理/客服板块售后培训.pptx,10_亚马逊知识库同步/团队管理/客服板块售后培训.md,10_亚马逊知识库同步/团队管理/客服板块售后培训,Attachments/亚马逊知识库原件/团队管理/客服板块售后培训.pptx,no,ok,4044811
团队管理/跨境电商绩效考核制度.xls,10_亚马逊知识库同步/团队管理/跨境电商绩效考核制度.md,10_亚马逊知识库同步/团队管理/跨境电商绩效考核制度,Attachments/亚马逊知识库原件/团队管理/跨境电商绩效考核制度.xls,no,metadata_only,31232
团队管理/项目投入产出测算表.xlsx,10_亚马逊知识库同步/团队管理/项目投入产出测算表.md,10_亚马逊知识库同步/团队管理/项目投入产出测算表,Attachments/亚马逊知识库原件/团队管理/项目投入产出测算表.xlsx,no,ok,46544
常用表格/2025.06.02启用-多站点新优惠券-LD-BD算法.xlsx,10_亚马逊知识库同步/常用表格/2025.06.02启用-多站点新优惠券-LD-BD算法.md,10_亚马逊知识库同步/常用表格/2025.06.02启用-多站点新优惠券-LD-BD算法,Attachments/亚马逊知识库原件/常用表格/2025.06.02启用-多站点新优惠券-LD-BD算法.xlsx,no,ok,22112
常用表格/2025亚马逊Listing新规标题自查表.xlsx,10_亚马逊知识库同步/常用表格/2025亚马逊Listing新规标题自查表.md,10_亚马逊知识库同步/常用表格/2025亚马逊Listing新规标题自查表,Attachments/亚马逊知识库原件/常用表格/2025亚马逊Listing新规标题自查表.xlsx,no,ok,20768
常用表格/2025年最新秒杀最低价自动计算表V2.xlsx,10_亚马逊知识库同步/常用表格/2025年最新秒杀最低价自动计算表V2.md,10_亚马逊知识库同步/常用表格/2025年最新秒杀最低价自动计算表V2,Attachments/亚马逊知识库原件/常用表格/2025年最新秒杀最低价自动计算表V2.xlsx,no,ok,544219
常用表格/CPC广告竞价计算器.xlsx,10_亚马逊知识库同步/常用表格/CPC广告竞价计算器.md,10_亚马逊知识库同步/常用表格/CPC广告竞价计算器,Attachments/亚马逊知识库原件/常用表格/CPC广告竞价计算器.xlsx,no,ok,11351
常用表格/亚马逊关键词跟踪表模板.xlsx,10_亚马逊知识库同步/常用表格/亚马逊关键词跟踪表模板.md,10_亚马逊知识库同步/常用表格/亚马逊关键词跟踪表模板,Attachments/亚马逊知识库原件/常用表格/亚马逊关键词跟踪表模板.xlsx,no,ok,288731
常用表格/亚马逊利润核算表.xlsx,10_亚马逊知识库同步/常用表格/亚马逊利润核算表.md,10_亚马逊知识库同步/常用表格/亚马逊利润核算表,Attachments/亚马逊知识库原件/常用表格/亚马逊利润核算表.xlsx,no,ok,39871
常用表格/亚马逊运营工具箱.xlsx,10_亚马逊知识库同步/常用表格/亚马逊运营工具箱.md,10_亚马逊知识库同步/常用表格/亚马逊运营工具箱,Attachments/亚马逊知识库原件/常用表格/亚马逊运营工具箱.xlsx,no,ok,13731
常用表格/售价利润计算模板.xlsx,10_亚马逊知识库同步/常用表格/售价利润计算模板.md,10_亚马逊知识库同步/常用表格/售价利润计算模板,Attachments/亚马逊知识库原件/常用表格/售价利润计算模板.xlsx,no,ok,51270
常用表格/库存分析-超出安全库存预警.xlsx,10_亚马逊知识库同步/常用表格/库存分析-超出安全库存预警.md,10_亚马逊知识库同步/常用表格/库存分析-超出安全库存预警,Attachments/亚马逊知识库原件/常用表格/库存分析-超出安全库存预警.xlsx,no,ok,56080
常用表格/新coupon及秒杀费用差异（内含新秒杀费用计算）.xlsx,10_亚马逊知识库同步/常用表格/新coupon及秒杀费用差异（内含新秒杀费用计算）.md,10_亚马逊知识库同步/常用表格/新coupon及秒杀费用差异（内含新秒杀费用计算）,Attachments/亚马逊知识库原件/常用表格/新coupon及秒杀费用差异（内含新秒杀费用计算）.xlsx,no,ok,1439237
常用表格/爆款新品启动SOP.xlsx,10_亚马逊知识库同步/常用表格/爆款新品启动SOP.md,10_亚马逊知识库同步/常用表格/爆款新品启动SOP,Attachments/亚马逊知识库原件/常用表格/爆款新品启动SOP.xlsx,no,ok,2440784
常用表格/补货建议模板.xlsx,10_亚马逊知识库同步/常用表格/补货建议模板.md,10_亚马逊知识库同步/常用表格/补货建议模板,Attachments/亚马逊知识库原件/常用表格/补货建议模板.xlsx,no,ok,723634
常用表格/运营日常复盘表格.xlsx,10_亚马逊知识库同步/常用表格/运营日常复盘表格.md,10_亚马逊知识库同步/常用表格/运营日常复盘表格,Attachments/亚马逊知识库原件/常用表格/运营日常复盘表格.xlsx,no,ok,1329034
开店认知/2025亚马逊FBA退换货流程与扣费细节全解析.docx,10_亚马逊知识库同步/开店认知/2025亚马逊FBA退换货流程与扣费细节全解析.md,10_亚马逊知识库同步/开店认知/2025亚马逊FBA退换货流程与扣费细节全解析,Attachments/亚马逊知识库原件/开店认知/2025亚马逊FBA退换货流程与扣费细节全解析.docx,no,ok,183903
开店认知/2025亚马逊促销活动卖家操作指导手册.pdf,10_亚马逊知识库同步/开店认知/2025亚马逊促销活动卖家操作指导手册.md,10_亚马逊知识库同步/开店认知/2025亚马逊促销活动卖家操作指导手册,Attachments/亚马逊知识库原件/开店认知/2025亚马逊促销活动卖家操作指导手册.pdf,no,ok,4796553
开店认知/2025亚马逊单人创业指南.docx,10_亚马逊知识库同步/开店认知/2025亚马逊单人创业指南.md,10_亚马逊知识库同步/开店认知/2025亚马逊单人创业指南,Attachments/亚马逊知识库原件/开店认知/2025亚马逊单人创业指南.docx,no,ok,691389
开店认知/2025亚马逊跨境电商运营地图.pdf,10_亚马逊知识库同步/开店认知/2025亚马逊跨境电商运营地图.md,10_亚马逊知识库同步/开店认知/2025亚马逊跨境电商运营地图,Attachments/亚马逊知识库原件/开店认知/2025亚马逊跨境电商运营地图.pdf,no,ok,39028198
开店认知/Amazon基础运营.pptx,10_亚马逊知识库同步/开店认知/Amazon基础运营.md,10_亚马逊知识库同步/开店认知/Amazon基础运营,Attachments/亚马逊知识库原件/开店认知/Amazon基础运营.pptx,no,ok,8207580
开店认知/prime标识和Add-on Item标识.png,10_亚马逊知识库同步/开店认知/prime标识和Add-on Item标识.md,10_亚马逊知识库同步/开店认知/prime标识和Add-on Item标识,Attachments/亚马逊知识库原件/开店认知/prime标识和Add-on Item标识.png,no,metadata_only,322435
开店认知/买家号品牌备案及运用全攻略.pdf,10_亚马逊知识库同步/开店认知/买家号品牌备案及运用全攻略.md,10_亚马逊知识库同步/开店认知/买家号品牌备案及运用全攻略,Attachments/亚马逊知识库原件/开店认知/买家号品牌备案及运用全攻略.pdf,no,ok,3238228
开店认知/亚马逊B2B价格制定逻辑与规则.pdf,10_亚马逊知识库同步/开店认知/亚马逊B2B价格制定逻辑与规则.md,10_亚马逊知识库同步/开店认知/亚马逊B2B价格制定逻辑与规则,Attachments/亚马逊知识库原件/开店认知/亚马逊B2B价格制定逻辑与规则.pdf,no,ok,2552287
开店认知/亚马逊关于上传和管理视频政策的描述.docx,10_亚马逊知识库同步/开店认知/亚马逊关于上传和管理视频政策的描述.md,10_亚马逊知识库同步/开店认知/亚马逊关于上传和管理视频政策的描述,Attachments/亚马逊知识库原件/开店认知/亚马逊关于上传和管理视频政策的描述.docx,no,ok,18397
开店认知/亚马逊卖家注册指导 - 中东沙特站点.pdf,10_亚马逊知识库同步/开店认知/亚马逊卖家注册指导 - 中东沙特站点.md,10_亚马逊知识库同步/开店认知/亚马逊卖家注册指导 - 中东沙特站点,Attachments/亚马逊知识库原件/开店认知/亚马逊卖家注册指导 - 中东沙特站点.pdf,no,ok,14377123
开店认知/亚马逊卖家注册指导 - 中东阿联酋站点.pdf,10_亚马逊知识库同步/开店认知/亚马逊卖家注册指导 - 中东阿联酋站点.md,10_亚马逊知识库同步/开店认知/亚马逊卖家注册指导 - 中东阿联酋站点,Attachments/亚马逊知识库原件/开店认知/亚马逊卖家注册指导 - 中东阿联酋站点.pdf,no,ok,14510097
开店认知/亚马逊卖家注册指导 - 北美站点.pdf,10_亚马逊知识库同步/开店认知/亚马逊卖家注册指导 - 北美站点.md,10_亚马逊知识库同步/开店认知/亚马逊卖家注册指导 - 北美站点,Attachments/亚马逊知识库原件/开店认知/亚马逊卖家注册指导 - 北美站点.pdf,no,ok,15682191
开店认知/亚马逊卖家注册指导 - 新加坡站点.pdf,10_亚马逊知识库同步/开店认知/亚马逊卖家注册指导 - 新加坡站点.md,10_亚马逊知识库同步/开店认知/亚马逊卖家注册指导 - 新加坡站点,Attachments/亚马逊知识库原件/开店认知/亚马逊卖家注册指导 - 新加坡站点.pdf,no,ok,13607520
开店认知/亚马逊卖家注册指导 - 日本站点.pdf,10_亚马逊知识库同步/开店认知/亚马逊卖家注册指导 - 日本站点.md,10_亚马逊知识库同步/开店认知/亚马逊卖家注册指导 - 日本站点,Attachments/亚马逊知识库原件/开店认知/亚马逊卖家注册指导 - 日本站点.pdf,no,ok,14240938
开店认知/亚马逊卖家注册指导 - 欧洲站点.pdf,10_亚马逊知识库同步/开店认知/亚马逊卖家注册指导 - 欧洲站点.md,10_亚马逊知识库同步/开店认知/亚马逊卖家注册指导 - 欧洲站点,Attachments/亚马逊知识库原件/开店认知/亚马逊卖家注册指导 - 欧洲站点.pdf,no,ok,18261150
开店认知/亚马逊卖家注册指导 - 澳洲站点.pdf,10_亚马逊知识库同步/开店认知/亚马逊卖家注册指导 - 澳洲站点.md,10_亚马逊知识库同步/开店认知/亚马逊卖家注册指导 - 澳洲站点,Attachments/亚马逊知识库原件/开店认知/亚马逊卖家注册指导 - 澳洲站点.pdf,no,ok,13890212
开店认知/亚马逊卖家注册指导.pdf,10_亚马逊知识库同步/开店认知/亚马逊卖家注册指导.md,10_亚马逊知识库同步/开店认知/亚马逊卖家注册指导,Attachments/亚马逊知识库原件/开店认知/亚马逊卖家注册指导.pdf,no,ok,12051940
开店认知/亚马逊卖家注册指导（账户经理邀请注册）- 印度站点.pdf,10_亚马逊知识库同步/开店认知/亚马逊卖家注册指导（账户经理邀请注册）- 印度站点.md,10_亚马逊知识库同步/开店认知/亚马逊卖家注册指导（账户经理邀请注册）- 印度站点,Attachments/亚马逊知识库原件/开店认知/亚马逊卖家注册指导（账户经理邀请注册）- 印度站点.pdf,no,ok,6939071
开店认知/亚马逊图片布局.docx,10_亚马逊知识库同步/开店认知/亚马逊图片布局.md,10_亚马逊知识库同步/开店认知/亚马逊图片布局,Attachments/亚马逊知识库原件/开店认知/亚马逊图片布局.docx,no,ok,17265
开店认知/亚马逊图片说明.doc,10_亚马逊知识库同步/开店认知/亚马逊图片说明.md,10_亚马逊知识库同步/开店认知/亚马逊图片说明,Attachments/亚马逊知识库原件/开店认知/亚马逊图片说明.doc,no,metadata_only,4809728
开店认知/亚马逊店铺注册保姆式教程.pdf,10_亚马逊知识库同步/开店认知/亚马逊店铺注册保姆式教程.md,10_亚马逊知识库同步/开店认知/亚马逊店铺注册保姆式教程,Attachments/亚马逊知识库原件/开店认知/亚马逊店铺注册保姆式教程.pdf,no,ok,997105
开店认知/亚马逊运营从浅到深.pdf,10_亚马逊知识库同步/开店认知/亚马逊运营从浅到深.md,10_亚马逊知识库同步/开店认知/亚马逊运营从浅到深,Attachments/亚马逊知识库原件/开店认知/亚马逊运营从浅到深.pdf,no,ok,3227750
开店认知/亚马逊运营最常见的实操问题及解决方案汇总.xlsx,10_亚马逊知识库同步/开店认知/亚马逊运营最常见的实操问题及解决方案汇总.md,10_亚马逊知识库同步/开店认知/亚马逊运营最常见的实操问题及解决方案汇总,Attachments/亚马逊知识库原件/开店认知/亚马逊运营最常见的实操问题及解决方案汇总.xlsx,no,ok,35390
开店认知/什么是A+.docx,10_亚马逊知识库同步/开店认知/什么是A+.md,10_亚马逊知识库同步/开店认知/什么是A+,Attachments/亚马逊知识库原件/开店认知/什么是A+.docx,no,ok,13379
开店认知/什么是主图视频.docx,10_亚马逊知识库同步/开店认知/什么是主图视频.md,10_亚马逊知识库同步/开店认知/什么是主图视频,Attachments/亚马逊知识库原件/开店认知/什么是主图视频.docx,no,ok,16125
开店认知/企业价格批量折扣直播PPT.pdf,10_亚马逊知识库同步/开店认知/企业价格批量折扣直播PPT.md,10_亚马逊知识库同步/开店认知/企业价格批量折扣直播PPT,Attachments/亚马逊知识库原件/开店认知/企业价格批量折扣直播PPT.pdf,no,ok,6992814
开店认知/各站点禁售及禁运名单.xlsx,10_亚马逊知识库同步/开店认知/各站点禁售及禁运名单.md,10_亚马逊知识库同步/开店认知/各站点禁售及禁运名单,Attachments/亚马逊知识库原件/开店认知/各站点禁售及禁运名单.xlsx,no,ok,742426
开店认知/常用的亚马逊广告术语.doc,10_亚马逊知识库同步/开店认知/常用的亚马逊广告术语.md,10_亚马逊知识库同步/开店认知/常用的亚马逊广告术语,Attachments/亚马逊知识库原件/开店认知/常用的亚马逊广告术语.doc,no,metadata_only,17920
开店认知/常用的亚马逊术语.doc,10_亚马逊知识库同步/开店认知/常用的亚马逊术语.md,10_亚马逊知识库同步/开店认知/常用的亚马逊术语,Attachments/亚马逊知识库原件/开店认知/常用的亚马逊术语.doc,no,metadata_only,17920
开店认知/新品飞轮理论官方注释.pdf,10_亚马逊知识库同步/开店认知/新品飞轮理论官方注释.md,10_亚马逊知识库同步/开店认知/新品飞轮理论官方注释,Attachments/亚马逊知识库原件/开店认知/新品飞轮理论官方注释.pdf,no,ok,5803089
开店认知/新店铺的六个细节设置.docx,10_亚马逊知识库同步/开店认知/新店铺的六个细节设置.md,10_亚马逊知识库同步/开店认知/新店铺的六个细节设置,Attachments/亚马逊知识库原件/开店认知/新店铺的六个细节设置.docx,no,ok,1144908
开店认知/绿标检测机构网站合集.pdf,10_亚马逊知识库同步/开店认知/绿标检测机构网站合集.md,10_亚马逊知识库同步/开店认知/绿标检测机构网站合集,Attachments/亚马逊知识库原件/开店认知/绿标检测机构网站合集.pdf,no,ok,393626
物流/亚马逊美国FBA仓库.xls,10_亚马逊知识库同步/物流/亚马逊美国FBA仓库.md,10_亚马逊知识库同步/物流/亚马逊美国FBA仓库,Attachments/亚马逊知识库原件/物流/亚马逊美国FBA仓库.xls,no,metadata_only,187392
物流/低库存水平费用-解读.pptx,10_亚马逊知识库同步/物流/低库存水平费用-解读.md,10_亚马逊知识库同步/物流/低库存水平费用-解读,Attachments/亚马逊知识库原件/物流/低库存水平费用-解读.pptx,no,ok,189305
物流/库存分析-超出安全库存预警.xlsx,10_亚马逊知识库同步/物流/库存分析-超出安全库存预警.md,10_亚马逊知识库同步/物流/库存分析-超出安全库存预警,Attachments/亚马逊知识库原件/物流/库存分析-超出安全库存预警.xlsx,no,ok,56080
物流/物流比价流程-模板.xlsx,10_亚马逊知识库同步/物流/物流比价流程-模板.md,10_亚马逊知识库同步/物流/物流比价流程-模板,Attachments/亚马逊知识库原件/物流/物流比价流程-模板.xlsx,no,ok,14866
物流/装箱单 模板.xls,10_亚马逊知识库同步/物流/装箱单 模板.md,10_亚马逊知识库同步/物流/装箱单 模板,Attachments/亚马逊知识库原件/物流/装箱单 模板.xls,no,metadata_only,24064
站外推广/16个站外营销免费工具.pdf,10_亚马逊知识库同步/站外推广/16个站外营销免费工具.md,10_亚马逊知识库同步/站外推广/16个站外营销免费工具,Attachments/亚马逊知识库原件/站外推广/16个站外营销免费工具.pdf,no,ok,114973
站外推广/2025版亚马逊品牌全链路成长宝典.pdf,10_亚马逊知识库同步/站外推广/2025版亚马逊品牌全链路成长宝典.md,10_亚马逊知识库同步/站外推广/2025版亚马逊品牌全链路成长宝典,Attachments/亚马逊知识库原件/站外推广/2025版亚马逊品牌全链路成长宝典.pdf,no,ok,5732896
站外推广/Affiliate招募与激励.pptx,10_亚马逊知识库同步/站外推广/Affiliate招募与激励.md,10_亚马逊知识库同步/站外推广/Affiliate招募与激励,Attachments/亚马逊知识库原件/站外推广/Affiliate招募与激励.pptx,no,ok,150434
站外推广/Anker站外品牌营销实战分析.pdf,10_亚马逊知识库同步/站外推广/Anker站外品牌营销实战分析.md,10_亚马逊知识库同步/站外推广/Anker站外品牌营销实战分析,Attachments/亚马逊知识库原件/站外推广/Anker站外品牌营销实战分析.pdf,no,ok,1589083
站外推广/YouTube红人玩法全套.zip,10_亚马逊知识库同步/站外推广/YouTube红人玩法全套.md,10_亚马逊知识库同步/站外推广/YouTube红人玩法全套,Attachments/亚马逊知识库原件/站外推广/YouTube红人玩法全套.zip,no,metadata_only,10771954
站外推广/【03站外】deal 网站推荐 (1).docx,10_亚马逊知识库同步/站外推广/【03站外】deal 网站推荐 (1).md,10_亚马逊知识库同步/站外推广/【03站外】deal 网站推荐 (1),Attachments/亚马逊知识库原件/站外推广/【03站外】deal 网站推荐 (1).docx,no,ok,6811139
站外推广/【03站外】deal 网站推荐.docx,10_亚马逊知识库同步/站外推广/【03站外】deal 网站推荐.md,10_亚马逊知识库同步/站外推广/【03站外】deal 网站推荐,Attachments/亚马逊知识库原件/站外推广/【03站外】deal 网站推荐.docx,no,ok,6811139
站外推广/【03站外】Facebook群组开发及测评指南 (1).docx,10_亚马逊知识库同步/站外推广/【03站外】Facebook群组开发及测评指南 (1).md,10_亚马逊知识库同步/站外推广/【03站外】Facebook群组开发及测评指南 (1),Attachments/亚马逊知识库原件/站外推广/【03站外】Facebook群组开发及测评指南 (1).docx,no,ok,1343688
站外推广/【03站外】Facebook群组开发及测评指南.docx,10_亚马逊知识库同步/站外推广/【03站外】Facebook群组开发及测评指南.md,10_亚马逊知识库同步/站外推广/【03站外】Facebook群组开发及测评指南,Attachments/亚马逊知识库原件/站外推广/【03站外】Facebook群组开发及测评指南.docx,no,ok,1343681
站外推广/【03站外】FB群组汇总-有用 (1).xlsx,10_亚马逊知识库同步/站外推广/【03站外】FB群组汇总-有用 (1).md,10_亚马逊知识库同步/站外推广/【03站外】FB群组汇总-有用 (1),Attachments/亚马逊知识库原件/站外推广/【03站外】FB群组汇总-有用 (1).xlsx,no,ok,124064
站外推广/【03站外】FB群组汇总-有用.xlsx,10_亚马逊知识库同步/站外推广/【03站外】FB群组汇总-有用.md,10_亚马逊知识库同步/站外推广/【03站外】FB群组汇总-有用,Attachments/亚马逊知识库原件/站外推广/【03站外】FB群组汇总-有用.xlsx,no,ok,124035
站外推广/【03站外】Slickdeals使用指南 (1).docx,10_亚马逊知识库同步/站外推广/【03站外】Slickdeals使用指南 (1).md,10_亚马逊知识库同步/站外推广/【03站外】Slickdeals使用指南 (1),Attachments/亚马逊知识库原件/站外推广/【03站外】Slickdeals使用指南 (1).docx,no,ok,1286138
站外推广/【03站外】Slickdeals使用指南.docx,10_亚马逊知识库同步/站外推广/【03站外】Slickdeals使用指南.md,10_亚马逊知识库同步/站外推广/【03站外】Slickdeals使用指南,Attachments/亚马逊知识库原件/站外推广/【03站外】Slickdeals使用指南.docx,no,ok,1286139
站外推广/【03站外】亚马逊YouTube引流实战指南.docx,10_亚马逊知识库同步/站外推广/【03站外】亚马逊YouTube引流实战指南.md,10_亚马逊知识库同步/站外推广/【03站外】亚马逊YouTube引流实战指南,Attachments/亚马逊知识库原件/站外推广/【03站外】亚马逊YouTube引流实战指南.docx,no,ok,4029304
站外推广/【03站外】亚马逊新品站外推广高阶打法教程.xmind,10_亚马逊知识库同步/站外推广/【03站外】亚马逊新品站外推广高阶打法教程.md,10_亚马逊知识库同步/站外推广/【03站外】亚马逊新品站外推广高阶打法教程,Attachments/亚马逊知识库原件/站外推广/【03站外】亚马逊新品站外推广高阶打法教程.xmind,no,ok,2244849
站外推广/【03站外】亚马逊站外推广 – Deal站.pdf,10_亚马逊知识库同步/站外推广/【03站外】亚马逊站外推广 – Deal站.md,10_亚马逊知识库同步/站外推广/【03站外】亚马逊站外推广 – Deal站,Attachments/亚马逊知识库原件/站外推广/【03站外】亚马逊站外推广 – Deal站.pdf,no,ok,1595867
站外推广/【03站外】亚马逊站外推广如何配合站内 (1).docx,10_亚马逊知识库同步/站外推广/【03站外】亚马逊站外推广如何配合站内 (1).md,10_亚马逊知识库同步/站外推广/【03站外】亚马逊站外推广如何配合站内 (1),Attachments/亚马逊知识库原件/站外推广/【03站外】亚马逊站外推广如何配合站内 (1).docx,no,ok,1009544
站外推广/【03站外】亚马逊站外推广如何配合站内.docx,10_亚马逊知识库同步/站外推广/【03站外】亚马逊站外推广如何配合站内.md,10_亚马逊知识库同步/站外推广/【03站外】亚马逊站外推广如何配合站内,Attachments/亚马逊知识库原件/站外推广/【03站外】亚马逊站外推广如何配合站内.docx,no,ok,1009546
站外推广/【03站外】亚马逊站外推广攻略(2).docx,10_亚马逊知识库同步/站外推广/【03站外】亚马逊站外推广攻略(2).md,10_亚马逊知识库同步/站外推广/【03站外】亚马逊站外推广攻略(2),Attachments/亚马逊知识库原件/站外推广/【03站外】亚马逊站外推广攻略(2).docx,no,ok,10184
站外推广/【03站外】亚马逊站外推广玩法全指南.docx,10_亚马逊知识库同步/站外推广/【03站外】亚马逊站外推广玩法全指南.md,10_亚马逊知识库同步/站外推广/【03站外】亚马逊站外推广玩法全指南,Attachments/亚马逊知识库原件/站外推广/【03站外】亚马逊站外推广玩法全指南.docx,no,ok,1026635
站外推广/【03站外】创作者计划全案实操与避坑指南.docx,10_亚马逊知识库同步/站外推广/【03站外】创作者计划全案实操与避坑指南.md,10_亚马逊知识库同步/站外推广/【03站外】创作者计划全案实操与避坑指南,Attachments/亚马逊知识库原件/站外推广/【03站外】创作者计划全案实操与避坑指南.docx,no,ok,1025558
站外推广/【03站外】如何反查竞品站外流量.docx,10_亚马逊知识库同步/站外推广/【03站外】如何反查竞品站外流量.md,10_亚马逊知识库同步/站外推广/【03站外】如何反查竞品站外流量,Attachments/亚马逊知识库原件/站外推广/【03站外】如何反查竞品站外流量.docx,no,ok,5455418
站外推广/【03站外】如何实现精准的站外引流  (1).docx,10_亚马逊知识库同步/站外推广/【03站外】如何实现精准的站外引流 (1).md,10_亚马逊知识库同步/站外推广/【03站外】如何实现精准的站外引流 (1),Attachments/亚马逊知识库原件/站外推广/【03站外】如何实现精准的站外引流 (1).docx,no,ok,498516
站外推广/【03站外】如何实现精准的站外引流 .docx,10_亚马逊知识库同步/站外推广/【03站外】如何实现精准的站外引流 .md,10_亚马逊知识库同步/站外推广/【03站外】如何实现精准的站外引流 ,Attachments/亚马逊知识库原件/站外推广/【03站外】如何实现精准的站外引流 .docx,no,ok,498513
站外推广/【03站外】站外YouTube引流，红人定位和筛选.docx,10_亚马逊知识库同步/站外推广/【03站外】站外YouTube引流，红人定位和筛选.md,10_亚马逊知识库同步/站外推广/【03站外】站外YouTube引流，红人定位和筛选,Attachments/亚马逊知识库原件/站外推广/【03站外】站外YouTube引流，红人定位和筛选.docx,no,ok,946544
站外推广/【03站外】竞品站外推广资源反查全攻略.docx,10_亚马逊知识库同步/站外推广/【03站外】竞品站外推广资源反查全攻略.md,10_亚马逊知识库同步/站外推广/【03站外】竞品站外推广资源反查全攻略,Attachments/亚马逊知识库原件/站外推广/【03站外】竞品站外推广资源反查全攻略.docx,no,ok,2965302
站外推广/亚马逊新品站外推广思路（超完整）.xmind,10_亚马逊知识库同步/站外推广/亚马逊新品站外推广思路（超完整）.md,10_亚马逊知识库同步/站外推广/亚马逊新品站外推广思路（超完整）,Attachments/亚马逊知识库原件/站外推广/亚马逊新品站外推广思路（超完整）.xmind,no,ok,337127
站外推广/亚马逊站外推广三波流打法.xmind,10_亚马逊知识库同步/站外推广/亚马逊站外推广三波流打法.md,10_亚马逊知识库同步/站外推广/亚马逊站外推广三波流打法,Attachments/亚马逊知识库原件/站外推广/亚马逊站外推广三波流打法.xmind,no,ok,407834
站外推广/亚马逊站外推广三种情况.xmind,10_亚马逊知识库同步/站外推广/亚马逊站外推广三种情况.md,10_亚马逊知识库同步/站外推广/亚马逊站外推广三种情况,Attachments/亚马逊知识库原件/站外推广/亚马逊站外推广三种情况.xmind,no,ok,216452
站外推广/亚马逊站外推广全指南.xmind,10_亚马逊知识库同步/站外推广/亚马逊站外推广全指南.md,10_亚马逊知识库同步/站外推广/亚马逊站外推广全指南,Attachments/亚马逊知识库原件/站外推广/亚马逊站外推广全指南.xmind,no,ok,5003479
站外推广/亚马逊站外推广引流全干货.xmind,10_亚马逊知识库同步/站外推广/亚马逊站外推广引流全干货.md,10_亚马逊知识库同步/站外推广/亚马逊站外推广引流全干货,Attachments/亚马逊知识库原件/站外推广/亚马逊站外推广引流全干货.xmind,no,ok,3834817
站外推广/亚马逊站外红人资源整理.xlsx,10_亚马逊知识库同步/站外推广/亚马逊站外红人资源整理.md,10_亚马逊知识库同步/站外推广/亚马逊站外红人资源整理,Attachments/亚马逊知识库原件/站外推广/亚马逊站外红人资源整理.xlsx,no,ok,24482
站外推广/如何通过媒体博客推广亚马逊产品(1).docx,10_亚马逊知识库同步/站外推广/如何通过媒体博客推广亚马逊产品(1).md,10_亚马逊知识库同步/站外推广/如何通过媒体博客推广亚马逊产品(1),Attachments/亚马逊知识库原件/站外推广/如何通过媒体博客推广亚马逊产品(1).docx,no,ok,2199581
站外推广/竞品的站外推广资源反查.docx,10_亚马逊知识库同步/站外推广/竞品的站外推广资源反查.md,10_亚马逊知识库同步/站外推广/竞品的站外推广资源反查,Attachments/亚马逊知识库原件/站外推广/竞品的站外推广资源反查.docx,no,ok,3348113
站外推广/网红合作项目规划表.xlsx,10_亚马逊知识库同步/站外推广/网红合作项目规划表.md,10_亚马逊知识库同步/站外推广/网红合作项目规划表,Attachments/亚马逊知识库原件/站外推广/网红合作项目规划表.xlsx,no,ok,71833
站外推广/网红常用工具清单.xlsx,10_亚马逊知识库同步/站外推广/网红常用工具清单.md,10_亚马逊知识库同步/站外推广/网红常用工具清单,Attachments/亚马逊知识库原件/站外推广/网红常用工具清单.xlsx,no,ok,9660
站外推广/网红开发信模版.docx,10_亚马逊知识库同步/站外推广/网红开发信模版.md,10_亚马逊知识库同步/站外推广/网红开发信模版,Attachments/亚马逊知识库原件/站外推广/网红开发信模版.docx,no,ok,73509
站外推广/网红砍价话术库.docx,10_亚马逊知识库同步/站外推广/网红砍价话术库.md,10_亚马逊知识库同步/站外推广/网红砍价话术库,Attachments/亚马逊知识库原件/站外推广/网红砍价话术库.docx,no,ok,72256
站外推广/网红营销brief撰写指导.docx,10_亚马逊知识库同步/站外推广/网红营销brief撰写指导.md,10_亚马逊知识库同步/站外推广/网红营销brief撰写指导,Attachments/亚马逊知识库原件/站外推广/网红营销brief撰写指导.docx,no,ok,73472
财务/27列亚马逊财务表.xlsx,10_亚马逊知识库同步/财务/27列亚马逊财务表.md,10_亚马逊知识库同步/财务/27列亚马逊财务表,Attachments/亚马逊知识库原件/财务/27列亚马逊财务表.xlsx,no,ok,3346105
财务/listing利润表模板.xlsx,10_亚马逊知识库同步/财务/listing利润表模板.md,10_亚马逊知识库同步/财务/listing利润表模板,Attachments/亚马逊知识库原件/财务/listing利润表模板.xlsx,no,ok,152021
财务/Paypal手续费计算器.xlsx,10_亚马逊知识库同步/财务/Paypal手续费计算器.md,10_亚马逊知识库同步/财务/Paypal手续费计算器,Attachments/亚马逊知识库原件/财务/Paypal手续费计算器.xlsx,no,ok,9646
财务/Seller Wallet 注册流程.pdf,10_亚马逊知识库同步/财务/Seller Wallet 注册流程.md,10_亚马逊知识库同步/财务/Seller Wallet 注册流程,Attachments/亚马逊知识库原件/财务/Seller Wallet 注册流程.pdf,no,ok,2983833
财务/亚马逊发票模板 英文版.xlsx,10_亚马逊知识库同步/财务/亚马逊发票模板 英文版.md,10_亚马逊知识库同步/财务/亚马逊发票模板 英文版,Attachments/亚马逊知识库原件/财务/亚马逊发票模板 英文版.xlsx,no,ok,12343
财务/亚马逊发票模板-(适用于亚马逊各个站点)(1).xlsx,10_亚马逊知识库同步/财务/亚马逊发票模板-(适用于亚马逊各个站点)(1).md,10_亚马逊知识库同步/财务/亚马逊发票模板-(适用于亚马逊各个站点)(1),Attachments/亚马逊知识库原件/财务/亚马逊发票模板-(适用于亚马逊各个站点)(1).xlsx,no,ok,11751
财务/亚马逊毛利计算和退款统计表.xlsx,10_亚马逊知识库同步/财务/亚马逊毛利计算和退款统计表.md,10_亚马逊知识库同步/财务/亚马逊毛利计算和退款统计表,Attachments/亚马逊知识库原件/财务/亚马逊毛利计算和退款统计表.xlsx,no,ok,657810
财务/供应链端项目投入产出测算表.xlsx,10_亚马逊知识库同步/财务/供应链端项目投入产出测算表.md,10_亚马逊知识库同步/财务/供应链端项目投入产出测算表,Attachments/亚马逊知识库原件/财务/供应链端项目投入产出测算表.xlsx,no,ok,44971
财务/卖家钱包添加大陆实体储蓄卡流程.pdf,10_亚马逊知识库同步/财务/卖家钱包添加大陆实体储蓄卡流程.md,10_亚马逊知识库同步/财务/卖家钱包添加大陆实体储蓄卡流程,Attachments/亚马逊知识库原件/财务/卖家钱包添加大陆实体储蓄卡流程.pdf,no,ok,1193978
财务/店铺利润汇总.xlsx,10_亚马逊知识库同步/财务/店铺利润汇总.md,10_亚马逊知识库同步/财务/店铺利润汇总,Attachments/亚马逊知识库原件/财务/店铺利润汇总.xlsx,no,ok,60599
财务/美国利润表格最终版.xls,10_亚马逊知识库同步/财务/美国利润表格最终版.md,10_亚马逊知识库同步/财务/美国利润表格最终版,Attachments/亚马逊知识库原件/财务/美国利润表格最终版.xls,no,metadata_only,12182
Listing优化/Listing技巧/2025精细化运营之Listing点击率优化.docx,10_亚马逊知识库同步/Listing优化/Listing技巧/2025精细化运营之Listing点击率优化.md,10_亚马逊知识库同步/Listing优化/Listing技巧/2025精细化运营之Listing点击率优化,Attachments/亚马逊知识库原件/Listing优化/Listing技巧/2025精细化运营之Listing点击率优化.docx,no,ok,2888815
Listing优化/Listing技巧/2025精细化运营之Listing转化率优化指南.docx,10_亚马逊知识库同步/Listing优化/Listing技巧/2025精细化运营之Listing转化率优化指南.md,10_亚马逊知识库同步/Listing优化/Listing技巧/2025精细化运营之Listing转化率优化指南,Attachments/亚马逊知识库原件/Listing优化/Listing技巧/2025精细化运营之Listing转化率优化指南.docx,no,ok,2916232
Listing优化/Listing技巧/Listing新品推广与布局.pdf,10_亚马逊知识库同步/Listing优化/Listing技巧/Listing新品推广与布局.md,10_亚马逊知识库同步/Listing优化/Listing技巧/Listing新品推广与布局,Attachments/亚马逊知识库原件/Listing优化/Listing技巧/Listing新品推广与布局.pdf,no,ok,123043
Listing优化/Listing技巧/Percentage Off 折扣玩法详解.xlsx,10_亚马逊知识库同步/Listing优化/Listing技巧/Percentage Off 折扣玩法详解.md,10_亚马逊知识库同步/Listing优化/Listing技巧/Percentage Off 折扣玩法详解,Attachments/亚马逊知识库原件/Listing优化/Listing技巧/Percentage Off 折扣玩法详解.xlsx,no,ok,132224
Listing优化/Listing技巧/【大卖团队】Listing优化体系-PPT.pdf,10_亚马逊知识库同步/Listing优化/Listing技巧/【大卖团队】Listing优化体系-PPT.md,10_亚马逊知识库同步/Listing优化/Listing技巧/【大卖团队】Listing优化体系-PPT,Attachments/亚马逊知识库原件/Listing优化/Listing技巧/【大卖团队】Listing优化体系-PPT.pdf,no,ok,6055434
Listing优化/Listing技巧/三个维度突破Listing流量瓶颈.docx,10_亚马逊知识库同步/Listing优化/Listing技巧/三个维度突破Listing流量瓶颈.md,10_亚马逊知识库同步/Listing优化/Listing技巧/三个维度突破Listing流量瓶颈,Attachments/亚马逊知识库原件/Listing优化/Listing技巧/三个维度突破Listing流量瓶颈.docx,no,ok,1558511
Listing优化/Listing技巧/亚马逊品牌视频优化解析.pdf,10_亚马逊知识库同步/Listing优化/Listing技巧/亚马逊品牌视频优化解析.md,10_亚马逊知识库同步/Listing优化/Listing技巧/亚马逊品牌视频优化解析,Attachments/亚马逊知识库原件/Listing优化/Listing技巧/亚马逊品牌视频优化解析.pdf,no,ok,212586
Listing优化/Listing技巧/亚马逊新品榜第一listing秘籍.pdf,10_亚马逊知识库同步/Listing优化/Listing技巧/亚马逊新品榜第一listing秘籍.md,10_亚马逊知识库同步/Listing优化/Listing技巧/亚马逊新品榜第一listing秘籍,Attachments/亚马逊知识库原件/Listing优化/Listing技巧/亚马逊新品榜第一listing秘籍.pdf,no,ok,236501
Listing优化/Listing技巧/批量上传常见错误解释.xlsx,10_亚马逊知识库同步/Listing优化/Listing技巧/批量上传常见错误解释.md,10_亚马逊知识库同步/Listing优化/Listing技巧/批量上传常见错误解释,Attachments/亚马逊知识库原件/Listing优化/Listing技巧/批量上传常见错误解释.xlsx,no,ok,16954
Listing优化/关键词分析/【可复制打法】实操打造高质量高转化Listing方法！.pdf,10_亚马逊知识库同步/Listing优化/关键词分析/【可复制打法】实操打造高质量高转化Listing方法！.md,10_亚马逊知识库同步/Listing优化/关键词分析/【可复制打法】实操打造高质量高转化Listing方法！,Attachments/亚马逊知识库原件/Listing优化/关键词分析/【可复制打法】实操打造高质量高转化Listing方法！.pdf,no,ok,5845195
Listing优化/关键词分析/亚马逊listingSEO埋词自动检测.xlsx,10_亚马逊知识库同步/Listing优化/关键词分析/亚马逊listingSEO埋词自动检测.md,10_亚马逊知识库同步/Listing优化/关键词分析/亚马逊listingSEO埋词自动检测,Attachments/亚马逊知识库原件/Listing优化/关键词分析/亚马逊listingSEO埋词自动检测.xlsx,no,ok,23163
Listing优化/关键词分析/亚马逊Listing关键词高效调研打法.pdf,10_亚马逊知识库同步/Listing优化/关键词分析/亚马逊Listing关键词高效调研打法.md,10_亚马逊知识库同步/Listing优化/关键词分析/亚马逊Listing关键词高效调研打法,Attachments/亚马逊知识库原件/Listing优化/关键词分析/亚马逊Listing关键词高效调研打法.pdf,no,ok,2649391
Listing优化/关键词分析/亚马逊关键词推广全流程详解.pdf,10_亚马逊知识库同步/Listing优化/关键词分析/亚马逊关键词推广全流程详解.md,10_亚马逊知识库同步/Listing优化/关键词分析/亚马逊关键词推广全流程详解,Attachments/亚马逊知识库原件/Listing优化/关键词分析/亚马逊关键词推广全流程详解.pdf,no,ok,5278765
Listing优化/关键词分析/亚马逊关键词整理全步骤.xlsx,10_亚马逊知识库同步/Listing优化/关键词分析/亚马逊关键词整理全步骤.md,10_亚马逊知识库同步/Listing优化/关键词分析/亚马逊关键词整理全步骤,Attachments/亚马逊知识库原件/Listing优化/关键词分析/亚马逊关键词整理全步骤.xlsx,no,ok,11854
Listing优化/关键词分析/亚马逊关键词最强调研和布局方法.pdf,10_亚马逊知识库同步/Listing优化/关键词分析/亚马逊关键词最强调研和布局方法.md,10_亚马逊知识库同步/Listing优化/关键词分析/亚马逊关键词最强调研和布局方法,Attachments/亚马逊知识库原件/Listing优化/关键词分析/亚马逊关键词最强调研和布局方法.pdf,no,ok,5832426
Listing优化/关键词分析/亚马逊关键词超强调研和布局方法.pdf,10_亚马逊知识库同步/Listing优化/关键词分析/亚马逊关键词超强调研和布局方法.md,10_亚马逊知识库同步/Listing优化/关键词分析/亚马逊关键词超强调研和布局方法,Attachments/亚马逊知识库原件/Listing优化/关键词分析/亚马逊关键词超强调研和布局方法.pdf,no,ok,5832426
Listing优化/关键词分析/亚马逊敏感词词库.pdf,10_亚马逊知识库同步/Listing优化/关键词分析/亚马逊敏感词词库.md,10_亚马逊知识库同步/Listing优化/关键词分析/亚马逊敏感词词库,Attachments/亚马逊知识库原件/Listing优化/关键词分析/亚马逊敏感词词库.pdf,no,ok,389969
Listing优化/关键词分析/亚马逊最强广告关键词归类的方法.pdf,10_亚马逊知识库同步/Listing优化/关键词分析/亚马逊最强广告关键词归类的方法.md,10_亚马逊知识库同步/Listing优化/关键词分析/亚马逊最强广告关键词归类的方法,Attachments/亚马逊知识库原件/Listing优化/关键词分析/亚马逊最强广告关键词归类的方法.pdf,no,ok,1116270
Listing优化/关键词分析/关键词搜索整理.xmind,10_亚马逊知识库同步/Listing优化/关键词分析/关键词搜索整理.md,10_亚马逊知识库同步/Listing优化/关键词分析/关键词搜索整理,Attachments/亚马逊知识库原件/Listing优化/关键词分析/关键词搜索整理.xmind,no,ok,294017
Listing优化/关键词分析/关键词运营数据汇总.xlsx,10_亚马逊知识库同步/Listing优化/关键词分析/关键词运营数据汇总.md,10_亚马逊知识库同步/Listing优化/关键词分析/关键词运营数据汇总,Attachments/亚马逊知识库原件/Listing优化/关键词分析/关键词运营数据汇总.xlsx,no,ok,178571
Listing优化/关键词分析/应季商品关键词教程，找词+优化一击即中.pdf,10_亚马逊知识库同步/Listing优化/关键词分析/应季商品关键词教程，找词+优化一击即中.md,10_亚马逊知识库同步/Listing优化/关键词分析/应季商品关键词教程，找词+优化一击即中,Attachments/亚马逊知识库原件/Listing优化/关键词分析/应季商品关键词教程，找词+优化一击即中.pdf,no,ok,1602499
Listing优化/关键词分析/新品广告直接打大词，还是打长尾词？.pdf,10_亚马逊知识库同步/Listing优化/关键词分析/新品广告直接打大词，还是打长尾词？.md,10_亚马逊知识库同步/Listing优化/关键词分析/新品广告直接打大词，还是打长尾词？,Attachments/亚马逊知识库原件/Listing优化/关键词分析/新品广告直接打大词，还是打长尾词？.pdf,no,ok,79739
Listing优化/关键词分析/最全的亚马逊关键词词库搭建法.pdf,10_亚马逊知识库同步/Listing优化/关键词分析/最全的亚马逊关键词词库搭建法.md,10_亚马逊知识库同步/Listing优化/关键词分析/最全的亚马逊关键词词库搭建法,Attachments/亚马逊知识库原件/Listing优化/关键词分析/最全的亚马逊关键词词库搭建法.pdf,no,ok,166226
Listing优化/关键词分析/源自超级大M的亚马逊关键词运营体系.pdf,10_亚马逊知识库同步/Listing优化/关键词分析/源自超级大M的亚马逊关键词运营体系.md,10_亚马逊知识库同步/Listing优化/关键词分析/源自超级大M的亚马逊关键词运营体系,Attachments/亚马逊知识库原件/Listing优化/关键词分析/源自超级大M的亚马逊关键词运营体系.pdf,no,ok,1420304
Listing优化/关键词分析/高效整理亚马逊类目共性出单关键词.pdf,10_亚马逊知识库同步/Listing优化/关键词分析/高效整理亚马逊类目共性出单关键词.md,10_亚马逊知识库同步/Listing优化/关键词分析/高效整理亚马逊类目共性出单关键词,Attachments/亚马逊知识库原件/Listing优化/关键词分析/高效整理亚马逊类目共性出单关键词.pdf,no,ok,1518918
Listing优化/撰写/Deepseek亚马逊Listing编写指南.pdf,10_亚马逊知识库同步/Listing优化/撰写/Deepseek亚马逊Listing编写指南.md,10_亚马逊知识库同步/Listing优化/撰写/Deepseek亚马逊Listing编写指南,Attachments/亚马逊知识库原件/Listing优化/撰写/Deepseek亚马逊Listing编写指南.pdf,no,ok,3152103
Listing优化/撰写/Listing编辑模板（充电宝为例）.xlsx,10_亚马逊知识库同步/Listing优化/撰写/Listing编辑模板（充电宝为例）.md,10_亚马逊知识库同步/Listing优化/撰写/Listing编辑模板（充电宝为例）,Attachments/亚马逊知识库原件/Listing优化/撰写/Listing编辑模板（充电宝为例）.xlsx,no,ok,139546
Listing优化/撰写/Listing要求.xlsx,10_亚马逊知识库同步/Listing优化/撰写/Listing要求.md,10_亚马逊知识库同步/Listing优化/撰写/Listing要求,Attachments/亚马逊知识库原件/Listing优化/撰写/Listing要求.xlsx,no,ok,12374
Listing优化/撰写/亚马逊Listing自建之“描述篇” .docx,10_亚马逊知识库同步/Listing优化/撰写/亚马逊Listing自建之“描述篇” .md,10_亚马逊知识库同步/Listing优化/撰写/亚马逊Listing自建之“描述篇” ,Attachments/亚马逊知识库原件/Listing优化/撰写/亚马逊Listing自建之“描述篇” .docx,no,ok,14602
Listing优化/撰写/亚马逊产品描述怎么写.docx,10_亚马逊知识库同步/Listing优化/撰写/亚马逊产品描述怎么写.md,10_亚马逊知识库同步/Listing优化/撰写/亚马逊产品描述怎么写,Attachments/亚马逊知识库原件/Listing优化/撰写/亚马逊产品描述怎么写.docx,no,ok,566861
Listing优化/撰写/亚马逊产品描述撰写.docx,10_亚马逊知识库同步/Listing优化/撰写/亚马逊产品描述撰写.md,10_亚马逊知识库同步/Listing优化/撰写/亚马逊产品描述撰写,Attachments/亚马逊知识库原件/Listing优化/撰写/亚马逊产品描述撰写.docx,no,ok,17243
Listing优化/撰写/亚马逊产品描述都没写好，你还想谈销量？.docx,10_亚马逊知识库同步/Listing优化/撰写/亚马逊产品描述都没写好，你还想谈销量？.md,10_亚马逊知识库同步/Listing优化/撰写/亚马逊产品描述都没写好，你还想谈销量？,Attachments/亚马逊知识库原件/Listing优化/撰写/亚马逊产品描述都没写好，你还想谈销量？.docx,no,ok,14170
Listing优化/撰写/亚马逊常用的HTML代码.docx,10_亚马逊知识库同步/Listing优化/撰写/亚马逊常用的HTML代码.md,10_亚马逊知识库同步/Listing优化/撰写/亚马逊常用的HTML代码,Attachments/亚马逊知识库原件/Listing优化/撰写/亚马逊常用的HTML代码.docx,no,ok,12380
Listing优化/撰写/如何利用COSMO算法与Rufus助手编写高效Listing.docx,10_亚马逊知识库同步/Listing优化/撰写/如何利用COSMO算法与Rufus助手编写高效Listing.md,10_亚马逊知识库同步/Listing优化/撰写/如何利用COSMO算法与Rufus助手编写高效Listing,Attachments/亚马逊知识库原件/Listing优化/撰写/如何利用COSMO算法与Rufus助手编写高效Listing.docx,no,ok,888178
Listing优化/视觉提升/2024亚马逊高级A+功能详细设计指南.pdf,10_亚马逊知识库同步/Listing优化/视觉提升/2024亚马逊高级A+功能详细设计指南.md,10_亚马逊知识库同步/Listing优化/视觉提升/2024亚马逊高级A+功能详细设计指南,Attachments/亚马逊知识库原件/Listing优化/视觉提升/2024亚马逊高级A+功能详细设计指南.pdf,no,ok,4153852
Listing优化/视觉提升/A+内容模板10套.pdf,10_亚马逊知识库同步/Listing优化/视觉提升/A+内容模板10套.md,10_亚马逊知识库同步/Listing优化/视觉提升/A+内容模板10套,Attachments/亚马逊知识库原件/Listing优化/视觉提升/A+内容模板10套.pdf,no,ok,6973630
Listing优化/视觉提升/A+参照网站.txt,10_亚马逊知识库同步/Listing优化/视觉提升/A+参照网站.md,10_亚马逊知识库同步/Listing优化/视觉提升/A+参照网站,Attachments/亚马逊知识库原件/Listing优化/视觉提升/A+参照网站.txt,no,ok,54
工具/AI工具/127条亚马逊专业GPT指令.xlsx,10_亚马逊知识库同步/工具/AI工具/127条亚马逊专业GPT指令.md,10_亚马逊知识库同步/工具/AI工具/127条亚马逊专业GPT指令,Attachments/亚马逊知识库原件/工具/AI工具/127条亚马逊专业GPT指令.xlsx,no,ok,1896450
工具/AI工具/2025 亚马逊官方品牌名称免费 AI 生产器.docx,10_亚马逊知识库同步/工具/AI工具/2025 亚马逊官方品牌名称免费 AI 生产器.md,10_亚马逊知识库同步/工具/AI工具/2025 亚马逊官方品牌名称免费 AI 生产器,Attachments/亚马逊知识库原件/工具/AI工具/2025 亚马逊官方品牌名称免费 AI 生产器.docx,no,ok,1068469
工具/AI工具/3.DeepSeek亚马逊广告运营岗提示词库.xlsx,10_亚马逊知识库同步/工具/AI工具/3.DeepSeek亚马逊广告运营岗提示词库.md,10_亚马逊知识库同步/工具/AI工具/3.DeepSeek亚马逊广告运营岗提示词库,Attachments/亚马逊知识库原件/工具/AI工具/3.DeepSeek亚马逊广告运营岗提示词库.xlsx,no,ok,13304
工具/AI工具/deepseek Prompts大全 .XLSX,10_亚马逊知识库同步/工具/AI工具/deepseek Prompts大全 .md,10_亚马逊知识库同步/工具/AI工具/deepseek Prompts大全 ,Attachments/亚马逊知识库原件/工具/AI工具/deepseek Prompts大全 .XLSX,no,ok,445116
工具/AI工具/Deepseek客服板块prompts生成表.xlsx,10_亚马逊知识库同步/工具/AI工具/Deepseek客服板块prompts生成表.md,10_亚马逊知识库同步/工具/AI工具/Deepseek客服板块prompts生成表,Attachments/亚马逊知识库原件/工具/AI工具/Deepseek客服板块prompts生成表.xlsx,no,ok,26470
工具/AI工具/Deepseek市场调研Prompts生成表 .XLSX,10_亚马逊知识库同步/工具/AI工具/Deepseek市场调研Prompts生成表 .md,10_亚马逊知识库同步/工具/AI工具/Deepseek市场调研Prompts生成表 ,Attachments/亚马逊知识库原件/工具/AI工具/Deepseek市场调研Prompts生成表 .XLSX,no,ok,254543
工具/AI工具/Deepseek广告&关键词prompts生成表.xlsx,10_亚马逊知识库同步/工具/AI工具/Deepseek广告&关键词prompts生成表.md,10_亚马逊知识库同步/工具/AI工具/Deepseek广告&关键词prompts生成表,Attachments/亚马逊知识库原件/工具/AI工具/Deepseek广告&关键词prompts生成表.xlsx,no,ok,167928
工具/AI工具/Deepseek文案prompts生成表.xlsx,10_亚马逊知识库同步/工具/AI工具/Deepseek文案prompts生成表.md,10_亚马逊知识库同步/工具/AI工具/Deepseek文案prompts生成表,Attachments/亚马逊知识库原件/工具/AI工具/Deepseek文案prompts生成表.xlsx,no,ok,19849
工具/AI工具/Deepseek站外红人prompts生成表.xlsx,10_亚马逊知识库同步/工具/AI工具/Deepseek站外红人prompts生成表.md,10_亚马逊知识库同步/工具/AI工具/Deepseek站外红人prompts生成表,Attachments/亚马逊知识库原件/工具/AI工具/Deepseek站外红人prompts生成表.xlsx,no,ok,20859
工具/AI工具/GPT关键词库生成表.xlsx,10_亚马逊知识库同步/工具/AI工具/GPT关键词库生成表.md,10_亚马逊知识库同步/工具/AI工具/GPT关键词库生成表,Attachments/亚马逊知识库原件/工具/AI工具/GPT关键词库生成表.xlsx,no,ok,1580213
工具/AI工具/亚马逊广告AI百宝箱使用手册.pdf,10_亚马逊知识库同步/工具/AI工具/亚马逊广告AI百宝箱使用手册.md,10_亚马逊知识库同步/工具/AI工具/亚马逊广告AI百宝箱使用手册,Attachments/亚马逊知识库原件/工具/AI工具/亚马逊广告AI百宝箱使用手册.pdf,no,ok,3841865
工具/运营工具/2025.06.02启用-多站点新优惠券-LD-BD算法.xlsx,10_亚马逊知识库同步/工具/运营工具/2025.06.02启用-多站点新优惠券-LD-BD算法.md,10_亚马逊知识库同步/工具/运营工具/2025.06.02启用-多站点新优惠券-LD-BD算法,Attachments/亚马逊知识库原件/工具/运营工具/2025.06.02启用-多站点新优惠券-LD-BD算法.xlsx,no,ok,22112
工具/运营工具/2025亚马逊Listing新规标题自查表.xlsx,10_亚马逊知识库同步/工具/运营工具/2025亚马逊Listing新规标题自查表.md,10_亚马逊知识库同步/工具/运营工具/2025亚马逊Listing新规标题自查表,Attachments/亚马逊知识库原件/工具/运营工具/2025亚马逊Listing新规标题自查表.xlsx,no,ok,20768
工具/运营工具/2025年最新秒杀最低价自动计算表V2.xlsx,10_亚马逊知识库同步/工具/运营工具/2025年最新秒杀最低价自动计算表V2.md,10_亚马逊知识库同步/工具/运营工具/2025年最新秒杀最低价自动计算表V2,Attachments/亚马逊知识库原件/工具/运营工具/2025年最新秒杀最低价自动计算表V2.xlsx,no,ok,544219
工具/运营工具/AMZ选品利润指标.xlsx,10_亚马逊知识库同步/工具/运营工具/AMZ选品利润指标.md,10_亚马逊知识库同步/工具/运营工具/AMZ选品利润指标,Attachments/亚马逊知识库原件/工具/运营工具/AMZ选品利润指标.xlsx,no,ok,18465
工具/运营工具/CPC广告竞价计算器.xlsx,10_亚马逊知识库同步/工具/运营工具/CPC广告竞价计算器.md,10_亚马逊知识库同步/工具/运营工具/CPC广告竞价计算器,Attachments/亚马逊知识库原件/工具/运营工具/CPC广告竞价计算器.xlsx,no,ok,11351
工具/运营工具/listing利润表模板.xlsx,10_亚马逊知识库同步/工具/运营工具/listing利润表模板.md,10_亚马逊知识库同步/工具/运营工具/listing利润表模板,Attachments/亚马逊知识库原件/工具/运营工具/listing利润表模板.xlsx,no,ok,152021
工具/运营工具/亚马逊FBA配送费和仓储费自动计算 旺季费率.xlsx,10_亚马逊知识库同步/工具/运营工具/亚马逊FBA配送费和仓储费自动计算 旺季费率.md,10_亚马逊知识库同步/工具/运营工具/亚马逊FBA配送费和仓储费自动计算 旺季费率,Attachments/亚马逊知识库原件/工具/运营工具/亚马逊FBA配送费和仓储费自动计算 旺季费率.xlsx,no,ok,161105
工具/运营工具/亚马逊FBA配送费和仓储费自动计算 非旺季费率.xlsx,10_亚马逊知识库同步/工具/运营工具/亚马逊FBA配送费和仓储费自动计算 非旺季费率.md,10_亚马逊知识库同步/工具/运营工具/亚马逊FBA配送费和仓储费自动计算 非旺季费率,Attachments/亚马逊知识库原件/工具/运营工具/亚马逊FBA配送费和仓储费自动计算 非旺季费率.xlsx,no,ok,593993
工具/运营工具/亚马逊listingSEO埋词自动检测.xlsx,10_亚马逊知识库同步/工具/运营工具/亚马逊listingSEO埋词自动检测.md,10_亚马逊知识库同步/工具/运营工具/亚马逊listingSEO埋词自动检测,Attachments/亚马逊知识库原件/工具/运营工具/亚马逊listingSEO埋词自动检测.xlsx,no,ok,23162
工具/运营工具/亚马逊实用网站汇总.xlsx,10_亚马逊知识库同步/工具/运营工具/亚马逊实用网站汇总.md,10_亚马逊知识库同步/工具/运营工具/亚马逊实用网站汇总,Attachments/亚马逊知识库原件/工具/运营工具/亚马逊实用网站汇总.xlsx,no,ok,76505
工具/运营工具/亚马逊毛利计算和退款统计表.xlsx,10_亚马逊知识库同步/工具/运营工具/亚马逊毛利计算和退款统计表.md,10_亚马逊知识库同步/工具/运营工具/亚马逊毛利计算和退款统计表,Attachments/亚马逊知识库原件/工具/运营工具/亚马逊毛利计算和退款统计表.xlsx,no,ok,657810
工具/运营工具/亚马逊运营实用工具合集.pdf,10_亚马逊知识库同步/工具/运营工具/亚马逊运营实用工具合集.md,10_亚马逊知识库同步/工具/运营工具/亚马逊运营实用工具合集,Attachments/亚马逊知识库原件/工具/运营工具/亚马逊运营实用工具合集.pdf,no,ok,194214
工具/运营工具/亚马逊运营工具箱.xlsx,10_亚马逊知识库同步/工具/运营工具/亚马逊运营工具箱.md,10_亚马逊知识库同步/工具/运营工具/亚马逊运营工具箱,Attachments/亚马逊知识库原件/工具/运营工具/亚马逊运营工具箱.xlsx,no,ok,13731
工具/运营工具/产品开发表格.xlsx,10_亚马逊知识库同步/工具/运营工具/产品开发表格.md,10_亚马逊知识库同步/工具/运营工具/产品开发表格,Attachments/亚马逊知识库原件/工具/运营工具/产品开发表格.xlsx,no,ok,1450375
工具/运营工具/产品调研报告模板.xlsx,10_亚马逊知识库同步/工具/运营工具/产品调研报告模板.md,10_亚马逊知识库同步/工具/运营工具/产品调研报告模板,Attachments/亚马逊知识库原件/工具/运营工具/产品调研报告模板.xlsx,no,ok,1743023
工具/运营工具/售价利润计算模板.xlsx,10_亚马逊知识库同步/工具/运营工具/售价利润计算模板.md,10_亚马逊知识库同步/工具/运营工具/售价利润计算模板,Attachments/亚马逊知识库原件/工具/运营工具/售价利润计算模板.xlsx,no,ok,51270
工具/运营工具/多维度调研分值风险评估表.xlsx,10_亚马逊知识库同步/工具/运营工具/多维度调研分值风险评估表.md,10_亚马逊知识库同步/工具/运营工具/多维度调研分值风险评估表,Attachments/亚马逊知识库原件/工具/运营工具/多维度调研分值风险评估表.xlsx,no,ok,14977
工具/运营工具/新coupon及秒杀费用差异（内含新秒杀费用计算）.xlsx,10_亚马逊知识库同步/工具/运营工具/新coupon及秒杀费用差异（内含新秒杀费用计算）.md,10_亚马逊知识库同步/工具/运营工具/新coupon及秒杀费用差异（内含新秒杀费用计算）,Attachments/亚马逊知识库原件/工具/运营工具/新coupon及秒杀费用差异（内含新秒杀费用计算）.xlsx,no,ok,1439237
工具/运营工具/竞争对手分析表.xls,10_亚马逊知识库同步/工具/运营工具/竞争对手分析表.md,10_亚马逊知识库同步/工具/运营工具/竞争对手分析表,Attachments/亚马逊知识库原件/工具/运营工具/竞争对手分析表.xls,no,metadata_only,32256
工具/运营工具/竞品调研&推广计划表.xlsx,10_亚马逊知识库同步/工具/运营工具/竞品调研&推广计划表.md,10_亚马逊知识库同步/工具/运营工具/竞品调研&推广计划表,Attachments/亚马逊知识库原件/工具/运营工具/竞品调研&推广计划表.xlsx,no,ok,700956
工具/运营工具/竞品调研模板.xlsx,10_亚马逊知识库同步/工具/运营工具/竞品调研模板.md,10_亚马逊知识库同步/工具/运营工具/竞品调研模板,Attachments/亚马逊知识库原件/工具/运营工具/竞品调研模板.xlsx,no,ok,22857
工具/运营工具/竞对分析.xlsx,10_亚马逊知识库同步/工具/运营工具/竞对分析.md,10_亚马逊知识库同步/工具/运营工具/竞对分析,Attachments/亚马逊知识库原件/工具/运营工具/竞对分析.xlsx,no,ok,367825
工具/运营工具/补货建议模板.xlsx,10_亚马逊知识库同步/工具/运营工具/补货建议模板.md,10_亚马逊知识库同步/工具/运营工具/补货建议模板,Attachments/亚马逊知识库原件/工具/运营工具/补货建议模板.xlsx,no,ok,723634
工具/运营工具/表格-产品分析-通用.xlsx,10_亚马逊知识库同步/工具/运营工具/表格-产品分析-通用.md,10_亚马逊知识库同步/工具/运营工具/表格-产品分析-通用,Attachments/亚马逊知识库原件/工具/运营工具/表格-产品分析-通用.xlsx,no,ok,250847
工具/运营工具/运营过程中遇到问题查询手册---邮箱.xls,10_亚马逊知识库同步/工具/运营工具/运营过程中遇到问题查询手册---邮箱.md,10_亚马逊知识库同步/工具/运营工具/运营过程中遇到问题查询手册---邮箱,Attachments/亚马逊知识库原件/工具/运营工具/运营过程中遇到问题查询手册---邮箱.xls,no,metadata_only,99328
开店认知/后台功能扫盲/coupon优惠券.pdf,10_亚马逊知识库同步/开店认知/后台功能扫盲/coupon优惠券.md,10_亚马逊知识库同步/开店认知/后台功能扫盲/coupon优惠券,Attachments/亚马逊知识库原件/开店认知/后台功能扫盲/coupon优惠券.pdf,no,ok,907373
开店认知/后台功能扫盲/VINE计划.pdf,10_亚马逊知识库同步/开店认知/后台功能扫盲/VINE计划.md,10_亚马逊知识库同步/开店认知/后台功能扫盲/VINE计划,Attachments/亚马逊知识库原件/开店认知/后台功能扫盲/VINE计划.pdf,no,ok,1079658
开店认知/后台功能扫盲/买家之声.pdf,10_亚马逊知识库同步/开店认知/后台功能扫盲/买家之声.md,10_亚马逊知识库同步/开店认知/后台功能扫盲/买家之声,Attachments/亚马逊知识库原件/开店认知/后台功能扫盲/买家之声.pdf,no,ok,4461060
开店认知/后台功能扫盲/亚马逊商机探测器.pdf,10_亚马逊知识库同步/开店认知/后台功能扫盲/亚马逊商机探测器.md,10_亚马逊知识库同步/开店认知/后台功能扫盲/亚马逊商机探测器,Attachments/亚马逊知识库原件/开店认知/后台功能扫盲/亚马逊商机探测器.pdf,no,ok,5464836
开店认知/后台功能扫盲/亚马逊选品指南针.pdf,10_亚马逊知识库同步/开店认知/后台功能扫盲/亚马逊选品指南针.md,10_亚马逊知识库同步/开店认知/后台功能扫盲/亚马逊选品指南针,Attachments/亚马逊知识库原件/开店认知/后台功能扫盲/亚马逊选品指南针.pdf,no,ok,3721209
开店认知/后台功能扫盲/促销使用技巧.pdf,10_亚马逊知识库同步/开店认知/后台功能扫盲/促销使用技巧.md,10_亚马逊知识库同步/开店认知/后台功能扫盲/促销使用技巧,Attachments/亚马逊知识库原件/开店认知/后台功能扫盲/促销使用技巧.pdf,no,ok,1442876
开店认知/后台功能扫盲/促销工具概述.pdf,10_亚马逊知识库同步/开店认知/后台功能扫盲/促销工具概述.md,10_亚马逊知识库同步/开店认知/后台功能扫盲/促销工具概述,Attachments/亚马逊知识库原件/开店认知/后台功能扫盲/促销工具概述.pdf,no,ok,963678
开店认知/后台功能扫盲/合身洞察介绍.pdf,10_亚马逊知识库同步/开店认知/后台功能扫盲/合身洞察介绍.md,10_亚马逊知识库同步/开店认知/后台功能扫盲/合身洞察介绍,Attachments/亚马逊知识库原件/开店认知/后台功能扫盲/合身洞察介绍.pdf,no,ok,4655328
开店认知/后台功能扫盲/增长潜力看板.pdf,10_亚马逊知识库同步/开店认知/后台功能扫盲/增长潜力看板.md,10_亚马逊知识库同步/开店认知/后台功能扫盲/增长潜力看板,Attachments/亚马逊知识库原件/开店认知/后台功能扫盲/增长潜力看板.pdf,no,ok,3636984
开店认知/后台功能扫盲/客户退货分析和洞察报告介绍.pdf,10_亚马逊知识库同步/开店认知/后台功能扫盲/客户退货分析和洞察报告介绍.md,10_亚马逊知识库同步/开店认知/后台功能扫盲/客户退货分析和洞察报告介绍,Attachments/亚马逊知识库原件/开店认知/后台功能扫盲/客户退货分析和洞察报告介绍.pdf,no,ok,4980161
开店认知/后台功能扫盲/尺码表自主工具介绍.pdf,10_亚马逊知识库同步/开店认知/后台功能扫盲/尺码表自主工具介绍.md,10_亚马逊知识库同步/开店认知/后台功能扫盲/尺码表自主工具介绍,Attachments/亚马逊知识库原件/开店认知/后台功能扫盲/尺码表自主工具介绍.pdf,no,ok,3384708
开店认知/后台功能扫盲/建立亚马逊业务报告.pdf,10_亚马逊知识库同步/开店认知/后台功能扫盲/建立亚马逊业务报告.md,10_亚马逊知识库同步/开店认知/后台功能扫盲/建立亚马逊业务报告,Attachments/亚马逊知识库原件/开店认知/后台功能扫盲/建立亚马逊业务报告.pdf,no,ok,9428309
开店认知/后台功能扫盲/日本站-亚马逊积分.pdf,10_亚马逊知识库同步/开店认知/后台功能扫盲/日本站-亚马逊积分.md,10_亚马逊知识库同步/开店认知/后台功能扫盲/日本站-亚马逊积分,Attachments/亚马逊知识库原件/开店认知/后台功能扫盲/日本站-亚马逊积分.pdf,no,ok,842651
开店认知/后台功能扫盲/降低退货率.pdf,10_亚马逊知识库同步/开店认知/后台功能扫盲/降低退货率.md,10_亚马逊知识库同步/开店认知/后台功能扫盲/降低退货率,Attachments/亚马逊知识库原件/开店认知/后台功能扫盲/降低退货率.pdf,no,ok,6475700
开店认知/商品详情页面/1.1-Listing是什么.pdf,10_亚马逊知识库同步/开店认知/商品详情页面/1.1-Listing是什么.md,10_亚马逊知识库同步/开店认知/商品详情页面/1.1-Listing是什么,Attachments/亚马逊知识库原件/开店认知/商品详情页面/1.1-Listing是什么.pdf,no,ok,2743241
开店认知/商品详情页面/AI赋能Listing全流程.pdf,10_亚马逊知识库同步/开店认知/商品详情页面/AI赋能Listing全流程.md,10_亚马逊知识库同步/开店认知/商品详情页面/AI赋能Listing全流程,Attachments/亚马逊知识库原件/开店认知/商品详情页面/AI赋能Listing全流程.pdf,no,ok,4573363
开店认知/商品详情页面/Listing上传常见报错类型.pdf,10_亚马逊知识库同步/开店认知/商品详情页面/Listing上传常见报错类型.md,10_亚马逊知识库同步/开店认知/商品详情页面/Listing上传常见报错类型,Attachments/亚马逊知识库原件/开店认知/商品详情页面/Listing上传常见报错类型.pdf,no,ok,3929362
开店认知/商品详情页面/上传Listing前的基本操作.pdf,10_亚马逊知识库同步/开店认知/商品详情页面/上传Listing前的基本操作.md,10_亚马逊知识库同步/开店认知/商品详情页面/上传Listing前的基本操作,Attachments/亚马逊知识库原件/开店认知/商品详情页面/上传Listing前的基本操作.pdf,no,ok,2383945
开店认知/商品详情页面/上传Listing的具体操作及质量自查.pdf,10_亚马逊知识库同步/开店认知/商品详情页面/上传Listing的具体操作及质量自查.md,10_亚马逊知识库同步/开店认知/商品详情页面/上传Listing的具体操作及质量自查,Attachments/亚马逊知识库原件/开店认知/商品详情页面/上传Listing的具体操作及质量自查.pdf,no,ok,6036562
开店认知/商品详情页面/通过买家购买流程了解Listing重要性.pdf,10_亚马逊知识库同步/开店认知/商品详情页面/通过买家购买流程了解Listing重要性.md,10_亚马逊知识库同步/开店认知/商品详情页面/通过买家购买流程了解Listing重要性,Attachments/亚马逊知识库原件/开店认知/商品详情页面/通过买家购买流程了解Listing重要性.pdf,no,ok,1891289
开店认知/账号类型/1.1 开通多类目.pdf,10_亚马逊知识库同步/开店认知/账号类型/1.1 开通多类目.md,10_亚马逊知识库同步/开店认知/账号类型/1.1 开通多类目,Attachments/亚马逊知识库原件/开店认知/账号类型/1.1 开通多类目.pdf,no,ok,292602
开店认知/账号类型/1.2 VC上传产品步骤.pdf,10_亚马逊知识库同步/开店认知/账号类型/1.2 VC上传产品步骤.md,10_亚马逊知识库同步/开店认知/账号类型/1.2 VC上传产品步骤,Attachments/亚马逊知识库原件/开店认知/账号类型/1.2 VC上传产品步骤.pdf,no,ok,1804550
开店认知/账号类型/1.4 VC订单确认.pdf,10_亚马逊知识库同步/开店认知/账号类型/1.4 VC订单确认.md,10_亚马逊知识库同步/开店认知/账号类型/1.4 VC订单确认,Attachments/亚马逊知识库原件/开店认知/账号类型/1.4 VC订单确认.pdf,no,ok,570341
开店认知/账号类型/1.8 VC制作发票.pdf,10_亚马逊知识库同步/开店认知/账号类型/1.8 VC制作发票.md,10_亚马逊知识库同步/开店认知/账号类型/1.8 VC制作发票,Attachments/亚马逊知识库原件/开店认知/账号类型/1.8 VC制作发票.pdf,no,ok,397775
开店认知/账号类型/VC添加修改产品图片.pdf,10_亚马逊知识库同步/开店认知/账号类型/VC添加修改产品图片.md,10_亚马逊知识库同步/开店认知/账号类型/VC添加修改产品图片,Attachments/亚马逊知识库原件/开店认知/账号类型/VC添加修改产品图片.pdf,no,ok,601284
开店认知/跨境物流基础知识/FBA介绍.pdf,10_亚马逊知识库同步/开店认知/跨境物流基础知识/FBA介绍.md,10_亚马逊知识库同步/开店认知/跨境物流基础知识/FBA介绍,Attachments/亚马逊知识库原件/开店认知/跨境物流基础知识/FBA介绍.pdf,no,ok,2787897
开店认知/跨境物流基础知识/FBA入仓准备工作.pdf,10_亚马逊知识库同步/开店认知/跨境物流基础知识/FBA入仓准备工作.md,10_亚马逊知识库同步/开店认知/跨境物流基础知识/FBA入仓准备工作,Attachments/亚马逊知识库原件/开店认知/跨境物流基础知识/FBA入仓准备工作.pdf,no,ok,15809867
开店认知/跨境物流基础知识/FBA入仓黄金法则.pdf,10_亚马逊知识库同步/开店认知/跨境物流基础知识/FBA入仓黄金法则.md,10_亚马逊知识库同步/开店认知/跨境物流基础知识/FBA入仓黄金法则,Attachments/亚马逊知识库原件/开店认知/跨境物流基础知识/FBA入仓黄金法则.pdf,no,ok,9703572
开店认知/跨境物流基础知识/MFN介绍.pdf,10_亚马逊知识库同步/开店认知/跨境物流基础知识/MFN介绍.md,10_亚马逊知识库同步/开店认知/跨境物流基础知识/MFN介绍,Attachments/亚马逊知识库原件/开店认知/跨境物流基础知识/MFN介绍.pdf,no,ok,19224426
开店认知/跨境物流基础知识/亚马逊FBA费用地图（北美站点）.pdf,10_亚马逊知识库同步/开店认知/跨境物流基础知识/亚马逊FBA费用地图（北美站点）.md,10_亚马逊知识库同步/开店认知/跨境物流基础知识/亚马逊FBA费用地图（北美站点）,Attachments/亚马逊知识库原件/开店认知/跨境物流基础知识/亚马逊FBA费用地图（北美站点）.pdf,no,ok,8171225
开店认知/跨境物流基础知识/亚马逊FBA费用最新咨询.pdf,10_亚马逊知识库同步/开店认知/跨境物流基础知识/亚马逊FBA费用最新咨询.md,10_亚马逊知识库同步/开店认知/跨境物流基础知识/亚马逊FBA费用最新咨询,Attachments/亚马逊知识库原件/开店认知/跨境物流基础知识/亚马逊FBA费用最新咨询.pdf,no,ok,3216007
开店认知/跨境物流基础知识/亚马逊供应链整体解决方案.pdf,10_亚马逊知识库同步/开店认知/跨境物流基础知识/亚马逊供应链整体解决方案.md,10_亚马逊知识库同步/开店认知/跨境物流基础知识/亚马逊供应链整体解决方案,Attachments/亚马逊知识库原件/开店认知/跨境物流基础知识/亚马逊供应链整体解决方案.pdf,no,ok,7223942
开店认知/跨境物流基础知识/亚马逊入库难题诊断器.pdf,10_亚马逊知识库同步/开店认知/跨境物流基础知识/亚马逊入库难题诊断器.md,10_亚马逊知识库同步/开店认知/跨境物流基础知识/亚马逊入库难题诊断器,Attachments/亚马逊知识库原件/开店认知/跨境物流基础知识/亚马逊入库难题诊断器.pdf,no,ok,11673022
开店认知/跨境物流基础知识/亚马逊跨境物流解决方案.pdf,10_亚马逊知识库同步/开店认知/跨境物流基础知识/亚马逊跨境物流解决方案.md,10_亚马逊知识库同步/开店认知/跨境物流基础知识/亚马逊跨境物流解决方案,Attachments/亚马逊知识库原件/开店认知/跨境物流基础知识/亚马逊跨境物流解决方案.pdf,no,ok,10071416
开店认知/跨境物流基础知识/入库配置服务费减免：优化选项打包法.pdf,10_亚马逊知识库同步/开店认知/跨境物流基础知识/入库配置服务费减免：优化选项打包法.md,10_亚马逊知识库同步/开店认知/跨境物流基础知识/入库配置服务费减免：优化选项打包法,Attachments/亚马逊知识库原件/开店认知/跨境物流基础知识/入库配置服务费减免：优化选项打包法.pdf,no,ok,3203565
爆款打造/数据复盘/亚马逊ABA报告的分析与应用.docx,10_亚马逊知识库同步/爆款打造/数据复盘/亚马逊ABA报告的分析与应用.md,10_亚马逊知识库同步/爆款打造/数据复盘/亚马逊ABA报告的分析与应用,Attachments/亚马逊知识库原件/爆款打造/数据复盘/亚马逊ABA报告的分析与应用.docx,no,ok,1163703
爆款打造/数据复盘/亚马逊Listing断货后，如何快速冲击恢复排名？.pdf,10_亚马逊知识库同步/爆款打造/数据复盘/亚马逊Listing断货后，如何快速冲击恢复排名？.md,10_亚马逊知识库同步/爆款打造/数据复盘/亚马逊Listing断货后，如何快速冲击恢复排名？,Attachments/亚马逊知识库原件/爆款打造/数据复盘/亚马逊Listing断货后，如何快速冲击恢复排名？.pdf,no,ok,1991722
爆款打造/数据复盘/亚马逊关键词跟踪表模板.xlsx,10_亚马逊知识库同步/爆款打造/数据复盘/亚马逊关键词跟踪表模板.md,10_亚马逊知识库同步/爆款打造/数据复盘/亚马逊关键词跟踪表模板,Attachments/亚马逊知识库原件/爆款打造/数据复盘/亚马逊关键词跟踪表模板.xlsx,no,ok,288731
爆款打造/数据复盘/亚马逊新品推广节奏跟踪表.xlsx,10_亚马逊知识库同步/爆款打造/数据复盘/亚马逊新品推广节奏跟踪表.md,10_亚马逊知识库同步/爆款打造/数据复盘/亚马逊新品推广节奏跟踪表,Attachments/亚马逊知识库原件/爆款打造/数据复盘/亚马逊新品推广节奏跟踪表.xlsx,no,ok,175040
爆款打造/数据复盘/亚马逊运营日常工作账号数据追踪总表.xlsx,10_亚马逊知识库同步/爆款打造/数据复盘/亚马逊运营日常工作账号数据追踪总表.md,10_亚马逊知识库同步/爆款打造/数据复盘/亚马逊运营日常工作账号数据追踪总表,Attachments/亚马逊知识库原件/爆款打造/数据复盘/亚马逊运营日常工作账号数据追踪总表.xlsx,no,ok,107359
爆款打造/数据复盘/清货方法大全.xmind,10_亚马逊知识库同步/爆款打造/数据复盘/清货方法大全.md,10_亚马逊知识库同步/爆款打造/数据复盘/清货方法大全,Attachments/亚马逊知识库原件/爆款打造/数据复盘/清货方法大全.xmind,no,ok,416864
爆款打造/数据复盘/运营数据监控汇总表.xlsx,10_亚马逊知识库同步/爆款打造/数据复盘/运营数据监控汇总表.md,10_亚马逊知识库同步/爆款打造/数据复盘/运营数据监控汇总表,Attachments/亚马逊知识库原件/爆款打造/数据复盘/运营数据监控汇总表.xlsx,no,ok,34528
爆款打造/数据复盘/运营数据统计表.xlsx,10_亚马逊知识库同步/爆款打造/数据复盘/运营数据统计表.md,10_亚马逊知识库同步/爆款打造/数据复盘/运营数据统计表,Attachments/亚马逊知识库原件/爆款打造/数据复盘/运营数据统计表.xlsx,no,ok,527249
爆款打造/数据复盘/运营日常复盘表格.xlsx,10_亚马逊知识库同步/爆款打造/数据复盘/运营日常复盘表格.md,10_亚马逊知识库同步/爆款打造/数据复盘/运营日常复盘表格,Attachments/亚马逊知识库原件/爆款打造/数据复盘/运营日常复盘表格.xlsx,no,ok,1329034
爆款打造/新品推广/1 亚马逊新品最强推广计划方案.pdf,10_亚马逊知识库同步/爆款打造/新品推广/1 亚马逊新品最强推广计划方案.md,10_亚马逊知识库同步/爆款打造/新品推广/1 亚马逊新品最强推广计划方案,Attachments/亚马逊知识库原件/爆款打造/新品推广/1 亚马逊新品最强推广计划方案.pdf,no,ok,3746144
爆款打造/新品推广/1 亚马逊新品高效测款最强技巧.pdf,10_亚马逊知识库同步/爆款打造/新品推广/1 亚马逊新品高效测款最强技巧.md,10_亚马逊知识库同步/爆款打造/新品推广/1 亚马逊新品高效测款最强技巧,Attachments/亚马逊知识库原件/爆款打造/新品推广/1 亚马逊新品高效测款最强技巧.pdf,no,ok,90499
爆款打造/新品推广/1 掌握两个核心指标，新品推广成功率提升50%.pdf,10_亚马逊知识库同步/爆款打造/新品推广/1 掌握两个核心指标，新品推广成功率提升50%.md,10_亚马逊知识库同步/爆款打造/新品推广/1 掌握两个核心指标，新品推广成功率提升50%,Attachments/亚马逊知识库原件/爆款打造/新品推广/1 掌握两个核心指标，新品推广成功率提升50%.pdf,no,ok,83546
爆款打造/新品推广/15天让出单不稳定链接稳步增量盈利.pdf,10_亚马逊知识库同步/爆款打造/新品推广/15天让出单不稳定链接稳步增量盈利.md,10_亚马逊知识库同步/爆款打造/新品推广/15天让出单不稳定链接稳步增量盈利,Attachments/亚马逊知识库原件/爆款打造/新品推广/15天让出单不稳定链接稳步增量盈利.pdf,no,ok,1280208
爆款打造/新品推广/2.7 亚马逊运营SOP计划表.xlsx,10_亚马逊知识库同步/爆款打造/新品推广/2.7 亚马逊运营SOP计划表.md,10_亚马逊知识库同步/爆款打造/新品推广/2.7 亚马逊运营SOP计划表,Attachments/亚马逊知识库原件/爆款打造/新品推广/2.7 亚马逊运营SOP计划表.xlsx,no,ok,221806
爆款打造/新品推广/30天切入新类目，亚马逊新品推广速效打法.pdf,10_亚马逊知识库同步/爆款打造/新品推广/30天切入新类目，亚马逊新品推广速效打法.md,10_亚马逊知识库同步/爆款打造/新品推广/30天切入新类目，亚马逊新品推广速效打法,Attachments/亚马逊知识库原件/爆款打造/新品推广/30天切入新类目，亚马逊新品推广速效打法.pdf,no,ok,2218304
爆款打造/新品推广/4天把新品关键词自然排名推到前3页.pdf,10_亚马逊知识库同步/爆款打造/新品推广/4天把新品关键词自然排名推到前3页.md,10_亚马逊知识库同步/爆款打造/新品推广/4天把新品关键词自然排名推到前3页,Attachments/亚马逊知识库原件/爆款打造/新品推广/4天把新品关键词自然排名推到前3页.pdf,no,ok,344970
爆款打造/新品推广/亚马逊公司落地的新品运营方案.pdf,10_亚马逊知识库同步/爆款打造/新品推广/亚马逊公司落地的新品运营方案.md,10_亚马逊知识库同步/爆款打造/新品推广/亚马逊公司落地的新品运营方案,Attachments/亚马逊知识库原件/爆款打造/新品推广/亚马逊公司落地的新品运营方案.pdf,no,ok,1682404
爆款打造/新品推广/亚马逊新品四周爆款打造—每天行动细节.xls,10_亚马逊知识库同步/爆款打造/新品推广/亚马逊新品四周爆款打造—每天行动细节.md,10_亚马逊知识库同步/爆款打造/新品推广/亚马逊新品四周爆款打造—每天行动细节,Attachments/亚马逊知识库原件/爆款打造/新品推广/亚马逊新品四周爆款打造—每天行动细节.xls,no,metadata_only,31744
爆款打造/新品推广/亚马逊新品打爆流程.png,10_亚马逊知识库同步/爆款打造/新品推广/亚马逊新品打爆流程.md,10_亚马逊知识库同步/爆款打造/新品推广/亚马逊新品打爆流程,Attachments/亚马逊知识库原件/爆款打造/新品推广/亚马逊新品打爆流程.png,no,metadata_only,1164282
爆款打造/新品推广/亚马逊新品推广五步法.xmind,10_亚马逊知识库同步/爆款打造/新品推广/亚马逊新品推广五步法.md,10_亚马逊知识库同步/爆款打造/新品推广/亚马逊新品推广五步法,Attachments/亚马逊知识库原件/爆款打造/新品推广/亚马逊新品推广五步法.xmind,no,ok,222279
爆款打造/新品推广/亚马逊新品推广全流程：从入门到精通.pdf,10_亚马逊知识库同步/爆款打造/新品推广/亚马逊新品推广全流程：从入门到精通.md,10_亚马逊知识库同步/爆款打造/新品推广/亚马逊新品推广全流程：从入门到精通,Attachments/亚马逊知识库原件/爆款打造/新品推广/亚马逊新品推广全流程：从入门到精通.pdf,no,ok,249740
爆款打造/新品推广/亚马逊新品推广流程sop.docx,10_亚马逊知识库同步/爆款打造/新品推广/亚马逊新品推广流程sop.md,10_亚马逊知识库同步/爆款打造/新品推广/亚马逊新品推广流程sop,Attachments/亚马逊知识库原件/爆款打造/新品推广/亚马逊新品推广流程sop.docx,no,ok,19366
爆款打造/新品推广/亚马逊新品推广节流型广告打法.pdf,10_亚马逊知识库同步/爆款打造/新品推广/亚马逊新品推广节流型广告打法.md,10_亚马逊知识库同步/爆款打造/新品推广/亚马逊新品推广节流型广告打法,Attachments/亚马逊知识库原件/爆款打造/新品推广/亚马逊新品推广节流型广告打法.pdf,no,ok,1429994
爆款打造/新品推广/亚马逊新品推广超细节操作.xlsx,10_亚马逊知识库同步/爆款打造/新品推广/亚马逊新品推广超细节操作.md,10_亚马逊知识库同步/爆款打造/新品推广/亚马逊新品推广超细节操作,Attachments/亚马逊知识库原件/爆款打造/新品推广/亚马逊新品推广超细节操作.xlsx,no,ok,14966
爆款打造/新品推广/亚马逊新品推广超详细实操步骤.xlsx,10_亚马逊知识库同步/爆款打造/新品推广/亚马逊新品推广超详细实操步骤.md,10_亚马逊知识库同步/爆款打造/新品推广/亚马逊新品推广超详细实操步骤,Attachments/亚马逊知识库原件/爆款打造/新品推广/亚马逊新品推广超详细实操步骤.xlsx,no,ok,13899
爆款打造/新品推广/亚马逊新品期：竞品库搭建与关键词破局策略.docx,10_亚马逊知识库同步/爆款打造/新品推广/亚马逊新品期：竞品库搭建与关键词破局策略.md,10_亚马逊知识库同步/爆款打造/新品推广/亚马逊新品期：竞品库搭建与关键词破局策略,Attachments/亚马逊知识库原件/爆款打造/新品推广/亚马逊新品期：竞品库搭建与关键词破局策略.docx,no,ok,790689
爆款打造/新品推广/亚马逊运营推广计划-详细到周（可复制） (2).pdf,10_亚马逊知识库同步/爆款打造/新品推广/亚马逊运营推广计划-详细到周（可复制） (2).md,10_亚马逊知识库同步/爆款打造/新品推广/亚马逊运营推广计划-详细到周（可复制） (2),Attachments/亚马逊知识库原件/爆款打造/新品推广/亚马逊运营推广计划-详细到周（可复制） (2).pdf,no,ok,322500
爆款打造/新品推广/亚马逊链接自然排名快速提升打法.pdf,10_亚马逊知识库同步/爆款打造/新品推广/亚马逊链接自然排名快速提升打法.md,10_亚马逊知识库同步/爆款打造/新品推广/亚马逊链接自然排名快速提升打法,Attachments/亚马逊知识库原件/爆款打造/新品推广/亚马逊链接自然排名快速提升打法.pdf,no,ok,115010
爆款打造/新品推广/低成本稳健新品推广法.pptx,10_亚马逊知识库同步/爆款打造/新品推广/低成本稳健新品推广法.md,10_亚马逊知识库同步/爆款打造/新品推广/低成本稳健新品推广法,Attachments/亚马逊知识库原件/爆款打造/新品推广/低成本稳健新品推广法.pptx,no,ok,5343813
爆款打造/新品推广/多变体产品主推款运营玩法.pdf,10_亚马逊知识库同步/爆款打造/新品推广/多变体产品主推款运营玩法.md,10_亚马逊知识库同步/爆款打造/新品推广/多变体产品主推款运营玩法,Attachments/亚马逊知识库原件/爆款打造/新品推广/多变体产品主推款运营玩法.pdf,no,ok,2591181
爆款打造/新品推广/如何发布POST.docx,10_亚马逊知识库同步/爆款打造/新品推广/如何发布POST.md,10_亚马逊知识库同步/爆款打造/新品推广/如何发布POST,Attachments/亚马逊知识库原件/爆款打造/新品推广/如何发布POST.docx,no,ok,7813503
爆款打造/新品推广/掌握两个核心指标，新品推广成功率提升50%.pdf,10_亚马逊知识库同步/爆款打造/新品推广/掌握两个核心指标，新品推广成功率提升50%.md,10_亚马逊知识库同步/爆款打造/新品推广/掌握两个核心指标，新品推广成功率提升50%,Attachments/亚马逊知识库原件/爆款打造/新品推广/掌握两个核心指标，新品推广成功率提升50%.pdf,no,ok,83546
爆款打造/新品推广/新品4周推广跟踪表.xls,10_亚马逊知识库同步/爆款打造/新品推广/新品4周推广跟踪表.md,10_亚马逊知识库同步/爆款打造/新品推广/新品4周推广跟踪表,Attachments/亚马逊知识库原件/爆款打造/新品推广/新品4周推广跟踪表.xls,no,metadata_only,28672
爆款打造/新品推广/新品上市-官网预售打法分享.pdf,10_亚马逊知识库同步/爆款打造/新品推广/新品上市-官网预售打法分享.md,10_亚马逊知识库同步/爆款打造/新品推广/新品上市-官网预售打法分享,Attachments/亚马逊知识库原件/爆款打造/新品推广/新品上市-官网预售打法分享.pdf,no,ok,2629020
爆款打造/新品推广/新品上架前准备Checklist.xlsx,10_亚马逊知识库同步/爆款打造/新品推广/新品上架前准备Checklist.md,10_亚马逊知识库同步/爆款打造/新品推广/新品上架前准备Checklist,Attachments/亚马逊知识库原件/爆款打造/新品推广/新品上架前准备Checklist.xlsx,no,ok,25407
爆款打造/新品推广/新品广告直接打大词，还是打长尾词？.pdf,10_亚马逊知识库同步/爆款打造/新品推广/新品广告直接打大词，还是打长尾词？.md,10_亚马逊知识库同步/爆款打造/新品推广/新品广告直接打大词，还是打长尾词？,Attachments/亚马逊知识库原件/爆款打造/新品推广/新品广告直接打大词，还是打长尾词？.pdf,no,ok,76508
爆款打造/新品推广/新品打法之测款二次进场推广法.docx,10_亚马逊知识库同步/爆款打造/新品推广/新品打法之测款二次进场推广法.md,10_亚马逊知识库同步/爆款打造/新品推广/新品打法之测款二次进场推广法,Attachments/亚马逊知识库原件/爆款打造/新品推广/新品打法之测款二次进场推广法.docx,no,ok,1029745
爆款打造/新品推广/新品推广计划.xlsx,10_亚马逊知识库同步/爆款打造/新品推广/新品推广计划.md,10_亚马逊知识库同步/爆款打造/新品推广/新品推广计划,Attachments/亚马逊知识库原件/爆款打造/新品推广/新品推广计划.xlsx,no,ok,29358
爆款打造/新品推广/新品推广计划表.xlsx,10_亚马逊知识库同步/爆款打造/新品推广/新品推广计划表.md,10_亚马逊知识库同步/爆款打造/新品推广/新品推广计划表,Attachments/亚马逊知识库原件/爆款打造/新品推广/新品推广计划表.xlsx,no,ok,18752
爆款打造/新品推广/新品运营登记表.xls,10_亚马逊知识库同步/爆款打造/新品推广/新品运营登记表.md,10_亚马逊知识库同步/爆款打造/新品推广/新品运营登记表,Attachments/亚马逊知识库原件/爆款打造/新品推广/新品运营登记表.xls,no,metadata_only,182784
爆款打造/新品推广/标准打造模板.xlsx,10_亚马逊知识库同步/爆款打造/新品推广/标准打造模板.md,10_亚马逊知识库同步/爆款打造/新品推广/标准打造模板,Attachments/亚马逊知识库原件/爆款打造/新品推广/标准打造模板.xlsx,no,ok,34797
爆款打造/新品推广/渐进式打法基本逻辑剖析——最适合新手的产品推广玩法.pdf,10_亚马逊知识库同步/爆款打造/新品推广/渐进式打法基本逻辑剖析——最适合新手的产品推广玩法.md,10_亚马逊知识库同步/爆款打造/新品推广/渐进式打法基本逻辑剖析——最适合新手的产品推广玩法,Attachments/亚马逊知识库原件/爆款打造/新品推广/渐进式打法基本逻辑剖析——最适合新手的产品推广玩法.pdf,no,ok,6376065
爆款打造/新品推广/纯干货：亚马逊新品推广期广告打法详解.pdf,10_亚马逊知识库同步/爆款打造/新品推广/纯干货：亚马逊新品推广期广告打法详解.md,10_亚马逊知识库同步/爆款打造/新品推广/纯干货：亚马逊新品推广期广告打法详解,Attachments/亚马逊知识库原件/爆款打造/新品推广/纯干货：亚马逊新品推广期广告打法详解.pdf,no,ok,750915
爆款打造/爆款打造/1 亚马逊30天新品爆款打造全攻略.pdf,10_亚马逊知识库同步/爆款打造/爆款打造/1 亚马逊30天新品爆款打造全攻略.md,10_亚马逊知识库同步/爆款打造/爆款打造/1 亚马逊30天新品爆款打造全攻略,Attachments/亚马逊知识库原件/爆款打造/爆款打造/1 亚马逊30天新品爆款打造全攻略.pdf,no,ok,4145037
爆款打造/爆款打造/2025亚马逊自然单提升运营优化SOP.docx,10_亚马逊知识库同步/爆款打造/爆款打造/2025亚马逊自然单提升运营优化SOP.md,10_亚马逊知识库同步/爆款打造/爆款打造/2025亚马逊自然单提升运营优化SOP,Attachments/亚马逊知识库原件/爆款打造/爆款打造/2025亚马逊自然单提升运营优化SOP.docx,no,ok,3491275
爆款打造/爆款打造/2025低成本联系买家和处理差评的思路方法.pdf,10_亚马逊知识库同步/爆款打造/爆款打造/2025低成本联系买家和处理差评的思路方法.md,10_亚马逊知识库同步/爆款打造/爆款打造/2025低成本联系买家和处理差评的思路方法,Attachments/亚马逊知识库原件/爆款打造/爆款打造/2025低成本联系买家和处理差评的思路方法.pdf,no,ok,567808
爆款打造/爆款打造/2025秒杀新规价格异常报错优化及解析.docx,10_亚马逊知识库同步/爆款打造/爆款打造/2025秒杀新规价格异常报错优化及解析.md,10_亚马逊知识库同步/爆款打造/爆款打造/2025秒杀新规价格异常报错优化及解析,Attachments/亚马逊知识库原件/爆款打造/爆款打造/2025秒杀新规价格异常报错优化及解析.docx,no,ok,171665
爆款打造/爆款打造/30天老品快速激活突破全流程.docx,10_亚马逊知识库同步/爆款打造/爆款打造/30天老品快速激活突破全流程.md,10_亚马逊知识库同步/爆款打造/爆款打造/30天老品快速激活突破全流程,Attachments/亚马逊知识库原件/爆款打造/爆款打造/30天老品快速激活突破全流程.docx,no,ok,7140882
爆款打造/爆款打造/79个高质量Amazon套路玩法（黑科技 白帽玩法）.xls,99_隔离_黑帽资料/爆款打造/爆款打造/79个高质量Amazon套路玩法（黑科技 白帽玩法）.md,99_隔离_黑帽资料/爆款打造/爆款打造/79个高质量Amazon套路玩法（黑科技 白帽玩法）,99_隔离_黑帽资料/_原件/爆款打造/爆款打造/79个高质量Amazon套路玩法（黑科技 白帽玩法）.xls,yes,quarantined_no_extract,71680
爆款打造/爆款打造/Amazon多变体的玩法.docx,10_亚马逊知识库同步/爆款打造/爆款打造/Amazon多变体的玩法.md,10_亚马逊知识库同步/爆款打造/爆款打造/Amazon多变体的玩法,Attachments/亚马逊知识库原件/爆款打造/爆款打造/Amazon多变体的玩法.docx,no,ok,71823
爆款打造/爆款打造/“微缩”打法 逻辑详解.pdf,10_亚马逊知识库同步/爆款打造/爆款打造/“微缩”打法 逻辑详解.md,10_亚马逊知识库同步/爆款打造/爆款打造/“微缩”打法 逻辑详解,Attachments/亚马逊知识库原件/爆款打造/爆款打造/“微缩”打法 逻辑详解.pdf,no,ok,725973
爆款打造/爆款打造/【03运营】用 n8n + OpenClaw 搭亚马逊广告自动化系统（保姆级全流程）.doc,10_亚马逊知识库同步/爆款打造/爆款打造/【03运营】用 n8n + OpenClaw 搭亚马逊广告自动化系统（保姆级全流程）.md,10_亚马逊知识库同步/爆款打造/爆款打造/【03运营】用 n8n + OpenClaw 搭亚马逊广告自动化系统（保姆级全流程）,Attachments/亚马逊知识库原件/爆款打造/爆款打造/【03运营】用 n8n + OpenClaw 搭亚马逊广告自动化系统（保姆级全流程）.doc,no,metadata_only,155648
爆款打造/爆款打造/亚马逊内训大纲.xlsx,10_亚马逊知识库同步/爆款打造/爆款打造/亚马逊内训大纲.md,10_亚马逊知识库同步/爆款打造/爆款打造/亚马逊内训大纲,Attachments/亚马逊知识库原件/爆款打造/爆款打造/亚马逊内训大纲.xlsx,no,ok,274058
爆款打造/爆款打造/亚马逊广告常见三种爆款打法深度解析.pdf,10_亚马逊知识库同步/爆款打造/爆款打造/亚马逊广告常见三种爆款打法深度解析.md,10_亚马逊知识库同步/爆款打造/爆款打造/亚马逊广告常见三种爆款打法深度解析,Attachments/亚马逊知识库原件/爆款打造/爆款打造/亚马逊广告常见三种爆款打法深度解析.pdf,no,ok,1497684
爆款打造/爆款打造/亚马逊爆款打造思路.pdf,10_亚马逊知识库同步/爆款打造/爆款打造/亚马逊爆款打造思路.md,10_亚马逊知识库同步/爆款打造/爆款打造/亚马逊爆款打造思路,Attachments/亚马逊知识库原件/爆款打造/爆款打造/亚马逊爆款打造思路.pdf,no,ok,5166157
爆款打造/爆款打造/亚马逊爆款推广复盘.pdf,10_亚马逊知识库同步/爆款打造/爆款打造/亚马逊爆款推广复盘.md,10_亚马逊知识库同步/爆款打造/爆款打造/亚马逊爆款推广复盘,Attachments/亚马逊知识库原件/爆款打造/爆款打造/亚马逊爆款推广复盘.pdf,no,ok,2456450
爆款打造/爆款打造/亚马逊站内外流量结合爆款打法.docx,10_亚马逊知识库同步/爆款打造/爆款打造/亚马逊站内外流量结合爆款打法.md,10_亚马逊知识库同步/爆款打造/爆款打造/亚马逊站内外流量结合爆款打法,Attachments/亚马逊知识库原件/爆款打造/爆款打造/亚马逊站内外流量结合爆款打法.docx,no,ok,11623191
爆款打造/爆款打造/亚马逊精细化运营全教程SOP.xlsx,10_亚马逊知识库同步/爆款打造/爆款打造/亚马逊精细化运营全教程SOP.md,10_亚马逊知识库同步/爆款打造/爆款打造/亚马逊精细化运营全教程SOP,Attachments/亚马逊知识库原件/爆款打造/爆款打造/亚马逊精细化运营全教程SOP.xlsx,no,ok,15193
爆款打造/爆款打造/亚马逊老品关键词排名速效打法模型.pdf,10_亚马逊知识库同步/爆款打造/爆款打造/亚马逊老品关键词排名速效打法模型.md,10_亚马逊知识库同步/爆款打造/爆款打造/亚马逊老品关键词排名速效打法模型,Attachments/亚马逊知识库原件/爆款打造/爆款打造/亚马逊老品关键词排名速效打法模型.pdf,no,ok,302957
爆款打造/爆款打造/亚马逊运营推广计划.xlsx,10_亚马逊知识库同步/爆款打造/爆款打造/亚马逊运营推广计划.md,10_亚马逊知识库同步/爆款打造/爆款打造/亚马逊运营推广计划,Attachments/亚马逊知识库原件/爆款打造/爆款打造/亚马逊运营推广计划.xlsx,no,ok,16356
爆款打造/爆款打造/亚马逊链接自然排名最快提升打法.pdf,10_亚马逊知识库同步/爆款打造/爆款打造/亚马逊链接自然排名最快提升打法.md,10_亚马逊知识库同步/爆款打造/爆款打造/亚马逊链接自然排名最快提升打法,Attachments/亚马逊知识库原件/爆款打造/爆款打造/亚马逊链接自然排名最快提升打法.pdf,no,ok,115010
爆款打造/爆款打造/亚马逊非标品最强推品打法.pdf,10_亚马逊知识库同步/爆款打造/爆款打造/亚马逊非标品最强推品打法.md,10_亚马逊知识库同步/爆款打造/爆款打造/亚马逊非标品最强推品打法,Attachments/亚马逊知识库原件/爆款打造/爆款打造/亚马逊非标品最强推品打法.pdf,no,ok,85281
爆款打造/爆款打造/低客单价标品打法建议.pptx,10_亚马逊知识库同步/爆款打造/爆款打造/低客单价标品打法建议.md,10_亚马逊知识库同步/爆款打造/爆款打造/低客单价标品打法建议,Attachments/亚马逊知识库原件/爆款打造/爆款打造/低客单价标品打法建议.pptx,no,ok,68876207
爆款打造/爆款打造/四个阶段，打造亚马逊爆款链接方法！.pdf,10_亚马逊知识库同步/爆款打造/爆款打造/四个阶段，打造亚马逊爆款链接方法！.md,10_亚马逊知识库同步/爆款打造/爆款打造/四个阶段，打造亚马逊爆款链接方法！,Attachments/亚马逊知识库原件/爆款打造/爆款打造/四个阶段，打造亚马逊爆款链接方法！.pdf,no,ok,1819487
爆款打造/爆款打造/囤货建议与推广建议样例.xlsx,10_亚马逊知识库同步/爆款打造/爆款打造/囤货建议与推广建议样例.md,10_亚马逊知识库同步/爆款打造/爆款打造/囤货建议与推广建议样例,Attachments/亚马逊知识库原件/爆款打造/爆款打造/囤货建议与推广建议样例.xlsx,no,ok,436257
爆款打造/爆款打造/多变体listing编写与广告打法.docx,10_亚马逊知识库同步/爆款打造/爆款打造/多变体listing编写与广告打法.md,10_亚马逊知识库同步/爆款打造/爆款打造/多变体listing编写与广告打法,Attachments/亚马逊知识库原件/爆款打造/爆款打造/多变体listing编写与广告打法.docx,no,ok,1093533
爆款打造/爆款打造/常见的亚马逊爆款打法.xmind,10_亚马逊知识库同步/爆款打造/爆款打造/常见的亚马逊爆款打法.md,10_亚马逊知识库同步/爆款打造/爆款打造/常见的亚马逊爆款打法,Attachments/亚马逊知识库原件/爆款打造/爆款打造/常见的亚马逊爆款打法.xmind,no,ok,1763806
爆款打造/爆款打造/揭秘行业常见的亚马逊爆款打法.pdf,10_亚马逊知识库同步/爆款打造/爆款打造/揭秘行业常见的亚马逊爆款打法.md,10_亚马逊知识库同步/爆款打造/爆款打造/揭秘行业常见的亚马逊爆款打法,Attachments/亚马逊知识库原件/爆款打造/爆款打造/揭秘行业常见的亚马逊爆款打法.pdf,no,ok,1557652
爆款打造/爆款打造/揭秘行业常见的亚马逊爆款打法——大词打法、特性打法.pdf,10_亚马逊知识库同步/爆款打造/爆款打造/揭秘行业常见的亚马逊爆款打法——大词打法、特性打法.md,10_亚马逊知识库同步/爆款打造/爆款打造/揭秘行业常见的亚马逊爆款打法——大词打法、特性打法,Attachments/亚马逊知识库原件/爆款打造/爆款打造/揭秘行业常见的亚马逊爆款打法——大词打法、特性打法.pdf,no,ok,3751447
爆款打造/爆款打造/爆款新品启动SOP.xlsx,10_亚马逊知识库同步/爆款打造/爆款打造/爆款新品启动SOP.md,10_亚马逊知识库同步/爆款打造/爆款打造/爆款新品启动SOP,Attachments/亚马逊知识库原件/爆款打造/爆款打造/爆款新品启动SOP.xlsx,no,ok,2440784
爆款打造/爆款打造/用ChatGPT写出符合Rufus的Listing.doc,10_亚马逊知识库同步/爆款打造/爆款打造/用ChatGPT写出符合Rufus的Listing.md,10_亚马逊知识库同步/爆款打造/爆款打造/用ChatGPT写出符合Rufus的Listing,Attachments/亚马逊知识库原件/爆款打造/爆款打造/用ChatGPT写出符合Rufus的Listing.doc,no,metadata_only,940544
爆款打造/爆款打造/节日属性产品的布局.pdf,10_亚马逊知识库同步/爆款打造/爆款打造/节日属性产品的布局.md,10_亚马逊知识库同步/爆款打造/爆款打造/节日属性产品的布局,Attachments/亚马逊知识库原件/爆款打造/爆款打造/节日属性产品的布局.pdf,no,ok,299613
爆款打造/爆款打造/螺旋式爆款产品打造.pdf,10_亚马逊知识库同步/爆款打造/爆款打造/螺旋式爆款产品打造.md,10_亚马逊知识库同步/爆款打造/爆款打造/螺旋式爆款产品打造,Attachments/亚马逊知识库原件/爆款打造/爆款打造/螺旋式爆款产品打造.pdf,no,ok,709230
爆款打造/爆款打造/非标品9周高成功率推品SOP.pdf,10_亚马逊知识库同步/爆款打造/爆款打造/非标品9周高成功率推品SOP.md,10_亚马逊知识库同步/爆款打造/爆款打造/非标品9周高成功率推品SOP,Attachments/亚马逊知识库原件/爆款打造/爆款打造/非标品9周高成功率推品SOP.pdf,no,ok,1019861
爆款打造/爆款打造/高效推品法.pptx,10_亚马逊知识库同步/爆款打造/爆款打造/高效推品法.md,10_亚马逊知识库同步/爆款打造/爆款打造/高效推品法,Attachments/亚马逊知识库原件/爆款打造/爆款打造/高效推品法.pptx,no,ok,25561033
爆款打造/重要更新/2025VINE计划变动与应对措施.docx,10_亚马逊知识库同步/爆款打造/重要更新/2025VINE计划变动与应对措施.md,10_亚马逊知识库同步/爆款打造/重要更新/2025VINE计划变动与应对措施,Attachments/亚马逊知识库原件/爆款打造/重要更新/2025VINE计划变动与应对措施.docx,no,ok,314244
爆款打造/重要更新/2025亚马逊Listing标题新规优化指南.docx,10_亚马逊知识库同步/爆款打造/重要更新/2025亚马逊Listing标题新规优化指南.md,10_亚马逊知识库同步/爆款打造/重要更新/2025亚马逊Listing标题新规优化指南,Attachments/亚马逊知识库原件/爆款打造/重要更新/2025亚马逊Listing标题新规优化指南.docx,no,ok,1044031
爆款打造/重要更新/2025亚马逊促销折扣新算法指南.docx,10_亚马逊知识库同步/爆款打造/重要更新/2025亚马逊促销折扣新算法指南.md,10_亚马逊知识库同步/爆款打造/重要更新/2025亚马逊促销折扣新算法指南,Attachments/亚马逊知识库原件/爆款打造/重要更新/2025亚马逊促销折扣新算法指南.docx,no,ok,432676
爆款打造/重要更新/2025折扣新规解读.docx,10_亚马逊知识库同步/爆款打造/重要更新/2025折扣新规解读.md,10_亚马逊知识库同步/爆款打造/重要更新/2025折扣新规解读,Attachments/亚马逊知识库原件/爆款打造/重要更新/2025折扣新规解读.docx,no,ok,263618
爆款打造/重要更新/2025最新亚马逊敏感词.xlsx,10_亚马逊知识库同步/爆款打造/重要更新/2025最新亚马逊敏感词.md,10_亚马逊知识库同步/爆款打造/重要更新/2025最新亚马逊敏感词,Attachments/亚马逊知识库原件/爆款打造/重要更新/2025最新亚马逊敏感词.xlsx,no,ok,20877
爆款打造/重要更新/COSMO算法与内容创作者计划.docx,10_亚马逊知识库同步/爆款打造/重要更新/COSMO算法与内容创作者计划.md,10_亚马逊知识库同步/爆款打造/重要更新/COSMO算法与内容创作者计划,Attachments/亚马逊知识库原件/爆款打造/重要更新/COSMO算法与内容创作者计划.docx,no,ok,2399835
爆款打造/重要更新/亚马逊新功能 Custom Analytic 指南.docx,10_亚马逊知识库同步/爆款打造/重要更新/亚马逊新功能 Custom Analytic 指南.md,10_亚马逊知识库同步/爆款打造/重要更新/亚马逊新功能 Custom Analytic 指南,Attachments/亚马逊知识库原件/爆款打造/重要更新/亚马逊新功能 Custom Analytic 指南.docx,no,ok,451701
站内广告/广告优化/7大维度，高效提升亚马逊广告曝光量.pdf,10_亚马逊知识库同步/站内广告/广告优化/7大维度，高效提升亚马逊广告曝光量.md,10_亚马逊知识库同步/站内广告/广告优化/7大维度，高效提升亚马逊广告曝光量,Attachments/亚马逊知识库原件/站内广告/广告优化/7大维度，高效提升亚马逊广告曝光量.pdf,no,ok,273543
站内广告/广告优化/CPC广告10大策略技巧，让广告效果翻倍.pdf,10_亚马逊知识库同步/站内广告/广告优化/CPC广告10大策略技巧，让广告效果翻倍.md,10_亚马逊知识库同步/站内广告/广告优化/CPC广告10大策略技巧，让广告效果翻倍,Attachments/亚马逊知识库原件/站内广告/广告优化/CPC广告10大策略技巧，让广告效果翻倍.pdf,no,ok,2663125
站内广告/广告优化/下降20%！亚马逊高客单价产品ACOS优化打法.pdf,10_亚马逊知识库同步/站内广告/广告优化/下降20%！亚马逊高客单价产品ACOS优化打法.md,10_亚马逊知识库同步/站内广告/广告优化/下降20%！亚马逊高客单价产品ACOS优化打法,Attachments/亚马逊知识库原件/站内广告/广告优化/下降20%！亚马逊高客单价产品ACOS优化打法.pdf,no,ok,680750
站内广告/广告优化/亚马逊CPC站内广告优化思路的思维导图.jpg,10_亚马逊知识库同步/站内广告/广告优化/亚马逊CPC站内广告优化思路的思维导图.md,10_亚马逊知识库同步/站内广告/广告优化/亚马逊CPC站内广告优化思路的思维导图,Attachments/亚马逊知识库原件/站内广告/广告优化/亚马逊CPC站内广告优化思路的思维导图.jpg,no,metadata_only,304738
站内广告/广告优化/亚马逊广告不出单优化对策.pdf,10_亚马逊知识库同步/站内广告/广告优化/亚马逊广告不出单优化对策.md,10_亚马逊知识库同步/站内广告/广告优化/亚马逊广告不出单优化对策,Attachments/亚马逊知识库原件/站内广告/广告优化/亚马逊广告不出单优化对策.pdf,no,ok,252897
站内广告/广告优化/优化老品广告.docx,10_亚马逊知识库同步/站内广告/广告优化/优化老品广告.md,10_亚马逊知识库同步/站内广告/广告优化/优化老品广告,Attachments/亚马逊知识库原件/站内广告/广告优化/优化老品广告.docx,no,ok,746618
站内广告/广告优化/实操演示！最有效的广告曝光测试方法，优化亚马逊PPC.pdf,10_亚马逊知识库同步/站内广告/广告优化/实操演示！最有效的广告曝光测试方法，优化亚马逊PPC.md,10_亚马逊知识库同步/站内广告/广告优化/实操演示！最有效的广告曝光测试方法，优化亚马逊PPC,Attachments/亚马逊知识库原件/站内广告/广告优化/实操演示！最有效的广告曝光测试方法，优化亚马逊PPC.pdf,no,ok,1284776
站内广告/广告优化/零基础广告报表分析教程.docx,10_亚马逊知识库同步/站内广告/广告优化/零基础广告报表分析教程.md,10_亚马逊知识库同步/站内广告/广告优化/零基础广告报表分析教程,Attachments/亚马逊知识库原件/站内广告/广告优化/零基础广告报表分析教程.docx,no,ok,562756
站内广告/广告打法/1 亚马逊新品广告低成本推进打法.pdf,10_亚马逊知识库同步/站内广告/广告打法/1 亚马逊新品广告低成本推进打法.md,10_亚马逊知识库同步/站内广告/广告打法/1 亚马逊新品广告低成本推进打法,Attachments/亚马逊知识库原件/站内广告/广告打法/1 亚马逊新品广告低成本推进打法.pdf,no,ok,153549
站内广告/广告打法/1 亚马逊新品推广循序渐进广告打法.pdf,10_亚马逊知识库同步/站内广告/广告打法/1 亚马逊新品推广循序渐进广告打法.md,10_亚马逊知识库同步/站内广告/广告打法/1 亚马逊新品推广循序渐进广告打法,Attachments/亚马逊知识库原件/站内广告/广告打法/1 亚马逊新品推广循序渐进广告打法.pdf,no,ok,2038606
站内广告/广告打法/1 亚马逊新品推广节流型广告打法.pdf,10_亚马逊知识库同步/站内广告/广告打法/1 亚马逊新品推广节流型广告打法.md,10_亚马逊知识库同步/站内广告/广告打法/1 亚马逊新品推广节流型广告打法,Attachments/亚马逊知识库原件/站内广告/广告打法/1 亚马逊新品推广节流型广告打法.pdf,no,ok,1429994
站内广告/广告打法/1 亚马逊新品自动广告4种高级玩法.pdf,10_亚马逊知识库同步/站内广告/广告打法/1 亚马逊新品自动广告4种高级玩法.md,10_亚马逊知识库同步/站内广告/广告打法/1 亚马逊新品自动广告4种高级玩法,Attachments/亚马逊知识库原件/站内广告/广告打法/1 亚马逊新品自动广告4种高级玩法.pdf,no,ok,208121
站内广告/广告打法/1 亚马逊精铺新品布局广告打法.pdf,10_亚马逊知识库同步/站内广告/广告打法/1 亚马逊精铺新品布局广告打法.md,10_亚马逊知识库同步/站内广告/广告打法/1 亚马逊精铺新品布局广告打法,Attachments/亚马逊知识库原件/站内广告/广告打法/1 亚马逊精铺新品布局广告打法.pdf,no,ok,93955
站内广告/广告打法/1纯干货：亚马逊新品推广期广告打法详解.pdf,10_亚马逊知识库同步/站内广告/广告打法/1纯干货：亚马逊新品推广期广告打法详解.md,10_亚马逊知识库同步/站内广告/广告打法/1纯干货：亚马逊新品推广期广告打法详解,Attachments/亚马逊知识库原件/站内广告/广告打法/1纯干货：亚马逊新品推广期广告打法详解.pdf,no,ok,750915
站内广告/广告打法/2.11-如何利用运营思维分层市场.xmind,10_亚马逊知识库同步/站内广告/广告打法/2.11-如何利用运营思维分层市场.md,10_亚马逊知识库同步/站内广告/广告打法/2.11-如何利用运营思维分层市场,Attachments/亚马逊知识库原件/站内广告/广告打法/2.11-如何利用运营思维分层市场.xmind,no,ok,382862
站内广告/广告打法/2024年亚马逊Prime day广告布局效果最大化.pdf,10_亚马逊知识库同步/站内广告/广告打法/2024年亚马逊Prime day广告布局效果最大化.md,10_亚马逊知识库同步/站内广告/广告打法/2024年亚马逊Prime day广告布局效果最大化,Attachments/亚马逊知识库原件/站内广告/广告打法/2024年亚马逊Prime day广告布局效果最大化.pdf,no,ok,74445
站内广告/广告打法/2025亚马逊新广告打法之分力合力法.docx,10_亚马逊知识库同步/站内广告/广告打法/2025亚马逊新广告打法之分力合力法.md,10_亚马逊知识库同步/站内广告/广告打法/2025亚马逊新广告打法之分力合力法,Attachments/亚马逊知识库原件/站内广告/广告打法/2025亚马逊新广告打法之分力合力法.docx,no,ok,20574
站内广告/广告打法/2025低成本广告打法之商品投放法.docx,10_亚马逊知识库同步/站内广告/广告打法/2025低成本广告打法之商品投放法.md,10_亚马逊知识库同步/站内广告/广告打法/2025低成本广告打法之商品投放法,Attachments/亚马逊知识库原件/站内广告/广告打法/2025低成本广告打法之商品投放法.docx,no,ok,3102147
站内广告/广告打法/30天翻量104%！亚马逊多变体广告最强攻略！.pdf,10_亚马逊知识库同步/站内广告/广告打法/30天翻量104%！亚马逊多变体广告最强攻略！.md,10_亚马逊知识库同步/站内广告/广告打法/30天翻量104%！亚马逊多变体广告最强攻略！,Attachments/亚马逊知识库原件/站内广告/广告打法/30天翻量104%！亚马逊多变体广告最强攻略！.pdf,no,ok,4067086
站内广告/广告打法/COSMO&Rufus广告高效放量.xmind,10_亚马逊知识库同步/站内广告/广告打法/COSMO&Rufus广告高效放量.md,10_亚马逊知识库同步/站内广告/广告打法/COSMO&Rufus广告高效放量,Attachments/亚马逊知识库原件/站内广告/广告打法/COSMO&Rufus广告高效放量.xmind,no,ok,203550
站内广告/广告打法/亚马逊低客单价广告3种高效打法布局.pdf,10_亚马逊知识库同步/站内广告/广告打法/亚马逊低客单价广告3种高效打法布局.md,10_亚马逊知识库同步/站内广告/广告打法/亚马逊低客单价广告3种高效打法布局,Attachments/亚马逊知识库原件/站内广告/广告打法/亚马逊低客单价广告3种高效打法布局.pdf,no,ok,645813
站内广告/广告打法/亚马逊变体链接3种广告布局打法.pdf,10_亚马逊知识库同步/站内广告/广告打法/亚马逊变体链接3种广告布局打法.md,10_亚马逊知识库同步/站内广告/广告打法/亚马逊变体链接3种广告布局打法,Attachments/亚马逊知识库原件/站内广告/广告打法/亚马逊变体链接3种广告布局打法.pdf,no,ok,639464
站内广告/广告打法/亚马逊广告BID高阶技巧.pdf,10_亚马逊知识库同步/站内广告/广告打法/亚马逊广告BID高阶技巧.md,10_亚马逊知识库同步/站内广告/广告打法/亚马逊广告BID高阶技巧,Attachments/亚马逊知识库原件/站内广告/广告打法/亚马逊广告BID高阶技巧.pdf,no,ok,81068
站内广告/广告打法/亚马逊广告报告串联分析SOP (1).xlsx,10_亚马逊知识库同步/站内广告/广告打法/亚马逊广告报告串联分析SOP (1).md,10_亚马逊知识库同步/站内广告/广告打法/亚马逊广告报告串联分析SOP (1),Attachments/亚马逊知识库原件/站内广告/广告打法/亚马逊广告报告串联分析SOP (1).xlsx,no,ok,673916
站内广告/广告打法/亚马逊新品广告打法思路.pptx,10_亚马逊知识库同步/站内广告/广告打法/亚马逊新品广告打法思路.md,10_亚马逊知识库同步/站内广告/广告打法/亚马逊新品广告打法思路,Attachments/亚马逊知识库原件/站内广告/广告打法/亚马逊新品广告打法思路.pptx,no,ok,8885846
站内广告/广告打法/亚马逊新品推广循序渐进广告打法.pdf,10_亚马逊知识库同步/站内广告/广告打法/亚马逊新品推广循序渐进广告打法.md,10_亚马逊知识库同步/站内广告/广告打法/亚马逊新品推广循序渐进广告打法,Attachments/亚马逊知识库原件/站内广告/广告打法/亚马逊新品推广循序渐进广告打法.pdf,no,ok,2038606
站内广告/广告打法/亚马逊新标品广告思路.docx,10_亚马逊知识库同步/站内广告/广告打法/亚马逊新标品广告思路.md,10_亚马逊知识库同步/站内广告/广告打法/亚马逊新标品广告思路,Attachments/亚马逊知识库原件/站内广告/广告打法/亚马逊新标品广告思路.docx,no,ok,515594
站内广告/广告打法/亚马逊（50页广告打法）不同推广时期的站内CPC广告实战打法_加水印 (1).pdf,10_亚马逊知识库同步/站内广告/广告打法/亚马逊（50页广告打法）不同推广时期的站内CPC广告实战打法_加水印 (1).md,10_亚马逊知识库同步/站内广告/广告打法/亚马逊（50页广告打法）不同推广时期的站内CPC广告实战打法_加水印 (1),Attachments/亚马逊知识库原件/站内广告/广告打法/亚马逊（50页广告打法）不同推广时期的站内CPC广告实战打法_加水印 (1).pdf,no,ok,4071744
站内广告/广告打法/亚马逊（50页广告打法）不同推广时期的站内CPC广告实战打法_加水印 (2).pdf,10_亚马逊知识库同步/站内广告/广告打法/亚马逊（50页广告打法）不同推广时期的站内CPC广告实战打法_加水印 (2).md,10_亚马逊知识库同步/站内广告/广告打法/亚马逊（50页广告打法）不同推广时期的站内CPC广告实战打法_加水印 (2),Attachments/亚马逊知识库原件/站内广告/广告打法/亚马逊（50页广告打法）不同推广时期的站内CPC广告实战打法_加水印 (2).pdf,no,ok,29668767
站内广告/广告打法/亚马逊（50页广告打法）不同推广时期的站内CPC广告实战打法_加水印 (3).pdf,10_亚马逊知识库同步/站内广告/广告打法/亚马逊（50页广告打法）不同推广时期的站内CPC广告实战打法_加水印 (3).md,10_亚马逊知识库同步/站内广告/广告打法/亚马逊（50页广告打法）不同推广时期的站内CPC广告实战打法_加水印 (3),Attachments/亚马逊知识库原件/站内广告/广告打法/亚马逊（50页广告打法）不同推广时期的站内CPC广告实战打法_加水印 (3).pdf,no,ok,12781384
站内广告/广告打法/从关键词归类反推广告打法.pdf,10_亚马逊知识库同步/站内广告/广告打法/从关键词归类反推广告打法.md,10_亚马逊知识库同步/站内广告/广告打法/从关键词归类反推广告打法,Attachments/亚马逊知识库原件/站内广告/广告打法/从关键词归类反推广告打法.pdf,no,ok,1683470
站内广告/广告打法/价值打法.docx,10_亚马逊知识库同步/站内广告/广告打法/价值打法.md,10_亚马逊知识库同步/站内广告/广告打法/价值打法,Attachments/亚马逊知识库原件/站内广告/广告打法/价值打法.docx,no,ok,1472918
站内广告/广告打法/关键词标签打法.pdf,10_亚马逊知识库同步/站内广告/广告打法/关键词标签打法.md,10_亚马逊知识库同步/站内广告/广告打法/关键词标签打法,Attachments/亚马逊知识库原件/站内广告/广告打法/关键词标签打法.pdf,no,ok,1254443
站内广告/广告打法/小卖家Deep Seek捡漏广告玩法.docx,10_亚马逊知识库同步/站内广告/广告打法/小卖家Deep Seek捡漏广告玩法.md,10_亚马逊知识库同步/站内广告/广告打法/小卖家Deep Seek捡漏广告玩法,Attachments/亚马逊知识库原件/站内广告/广告打法/小卖家Deep Seek捡漏广告玩法.docx,no,ok,1050102
站内广告/广告打法/广告王炸干货：亚马逊16种广告打法合集.pdf,10_亚马逊知识库同步/站内广告/广告打法/广告王炸干货：亚马逊16种广告打法合集.md,10_亚马逊知识库同步/站内广告/广告打法/广告王炸干货：亚马逊16种广告打法合集,Attachments/亚马逊知识库原件/站内广告/广告打法/广告王炸干货：亚马逊16种广告打法合集.pdf,no,ok,213483
站内广告/广告打法/强相关词联动广告法.docx,10_亚马逊知识库同步/站内广告/广告打法/强相关词联动广告法.md,10_亚马逊知识库同步/站内广告/广告打法/强相关词联动广告法,Attachments/亚马逊知识库原件/站内广告/广告打法/强相关词联动广告法.docx,no,ok,1689993
站内广告/广告打法/拒绝排名下滑！亚马逊广告关键词防守打法.pdf,10_亚马逊知识库同步/站内广告/广告打法/拒绝排名下滑！亚马逊广告关键词防守打法.md,10_亚马逊知识库同步/站内广告/广告打法/拒绝排名下滑！亚马逊广告关键词防守打法,Attachments/亚马逊知识库原件/站内广告/广告打法/拒绝排名下滑！亚马逊广告关键词防守打法.pdf,no,ok,1443662
站内广告/广告打法/海王打法.docx,10_亚马逊知识库同步/站内广告/广告打法/海王打法.md,10_亚马逊知识库同步/站内广告/广告打法/海王打法,Attachments/亚马逊知识库原件/站内广告/广告打法/海王打法.docx,no,ok,918942
站内广告/广告打法/稳健流广告打法.docx,10_亚马逊知识库同步/站内广告/广告打法/稳健流广告打法.md,10_亚马逊知识库同步/站内广告/广告打法/稳健流广告打法,Attachments/亚马逊知识库原件/站内广告/广告打法/稳健流广告打法.docx,no,ok,364653
站内广告/广告打法/非标品广告打法策略.docx,10_亚马逊知识库同步/站内广告/广告打法/非标品广告打法策略.md,10_亚马逊知识库同步/站内广告/广告打法/非标品广告打法策略,Attachments/亚马逊知识库原件/站内广告/广告打法/非标品广告打法策略.docx,no,ok,855007
站内广告/广告打法/高低客单价产品快速打收录玩法.pdf,10_亚马逊知识库同步/站内广告/广告打法/高低客单价产品快速打收录玩法.md,10_亚马逊知识库同步/站内广告/广告打法/高低客单价产品快速打收录玩法,Attachments/亚马逊知识库原件/站内广告/广告打法/高低客单价产品快速打收录玩法.pdf,no,ok,77125
站内广告/广告打法/黑五&Prime Day注意事项和运营打法.pdf,10_亚马逊知识库同步/站内广告/广告打法/黑五&Prime Day注意事项和运营打法.md,10_亚马逊知识库同步/站内广告/广告打法/黑五&Prime Day注意事项和运营打法,Attachments/亚马逊知识库原件/站内广告/广告打法/黑五&Prime Day注意事项和运营打法.pdf,no,ok,470549
站内广告/广告架构/亚马逊不同时期广告打法.xmind,10_亚马逊知识库同步/站内广告/广告架构/亚马逊不同时期广告打法.md,10_亚马逊知识库同步/站内广告/广告架构/亚马逊不同时期广告打法,Attachments/亚马逊知识库原件/站内广告/广告架构/亚马逊不同时期广告打法.xmind,no,ok,224808
站内广告/广告架构/亚马逊广告架构与投放策略.pdf,10_亚马逊知识库同步/站内广告/广告架构/亚马逊广告架构与投放策略.md,10_亚马逊知识库同步/站内广告/广告架构/亚马逊广告架构与投放策略,Attachments/亚马逊知识库原件/站内广告/广告架构/亚马逊广告架构与投放策略.pdf,no,ok,1738672
站内广告/广告架构/亚马逊超全广告投放与优化攻略.pdf,10_亚马逊知识库同步/站内广告/广告架构/亚马逊超全广告投放与优化攻略.md,10_亚马逊知识库同步/站内广告/广告架构/亚马逊超全广告投放与优化攻略,Attachments/亚马逊知识库原件/站内广告/广告架构/亚马逊超全广告投放与优化攻略.pdf,no,ok,484933
站内广告/广告架构/亚马逊销量拉升思路之广告置顶打法.xmind,10_亚马逊知识库同步/站内广告/广告架构/亚马逊销量拉升思路之广告置顶打法.md,10_亚马逊知识库同步/站内广告/广告架构/亚马逊销量拉升思路之广告置顶打法,Attachments/亚马逊知识库原件/站内广告/广告架构/亚马逊销量拉升思路之广告置顶打法.xmind,no,ok,270220
站内广告/广告架构/捡漏广告.pdf,10_亚马逊知识库同步/站内广告/广告架构/捡漏广告.md,10_亚马逊知识库同步/站内广告/广告架构/捡漏广告,Attachments/亚马逊知识库原件/站内广告/广告架构/捡漏广告.pdf,no,ok,170764
站内广告/广告架构/标品推广9周广告框架搭建SOP.xmind,10_亚马逊知识库同步/站内广告/广告架构/标品推广9周广告框架搭建SOP.md,10_亚马逊知识库同步/站内广告/广告架构/标品推广9周广告框架搭建SOP,Attachments/亚马逊知识库原件/站内广告/广告架构/标品推广9周广告框架搭建SOP.xmind,no,ok,245389
站内广告/广告架构/老品广告基础策略.pdf,10_亚马逊知识库同步/站内广告/广告架构/老品广告基础策略.md,10_亚马逊知识库同步/站内广告/广告架构/老品广告基础策略,Attachments/亚马逊知识库原件/站内广告/广告架构/老品广告基础策略.pdf,no,ok,155861
站内广告/广告案例/1 30天切入新类目，亚马逊新品推广速效打法.pdf,10_亚马逊知识库同步/站内广告/广告案例/1 30天切入新类目，亚马逊新品推广速效打法.md,10_亚马逊知识库同步/站内广告/广告案例/1 30天切入新类目，亚马逊新品推广速效打法,Attachments/亚马逊知识库原件/站内广告/广告案例/1 30天切入新类目，亚马逊新品推广速效打法.pdf,no,ok,2218304
站内广告/广告案例/1 客单价100刀的亚马逊新品广告策略打法.pdf,10_亚马逊知识库同步/站内广告/广告案例/1 客单价100刀的亚马逊新品广告策略打法.md,10_亚马逊知识库同步/站内广告/广告案例/1 客单价100刀的亚马逊新品广告策略打法,Attachments/亚马逊知识库原件/站内广告/广告案例/1 客单价100刀的亚马逊新品广告策略打法.pdf,no,ok,290274
站内广告/广告案例/1 新品广告直接打大词，还是打长尾词？.pdf,10_亚马逊知识库同步/站内广告/广告案例/1 新品广告直接打大词，还是打长尾词？.md,10_亚马逊知识库同步/站内广告/广告案例/1 新品广告直接打大词，还是打长尾词？,Attachments/亚马逊知识库原件/站内广告/广告案例/1 新品广告直接打大词，还是打长尾词？.pdf,no,ok,76508
站内广告/广告案例/1 流量原则，亚马逊新品广告两套高效打法.pdf,10_亚马逊知识库同步/站内广告/广告案例/1 流量原则，亚马逊新品广告两套高效打法.md,10_亚马逊知识库同步/站内广告/广告案例/1 流量原则，亚马逊新品广告两套高效打法,Attachments/亚马逊知识库原件/站内广告/广告案例/1 流量原则，亚马逊新品广告两套高效打法.pdf,no,ok,2108197
站内广告/广告案例/1 花四个月让新品自然订单大于广告订单.pdf,10_亚马逊知识库同步/站内广告/广告案例/1 花四个月让新品自然订单大于广告订单.md,10_亚马逊知识库同步/站内广告/广告案例/1 花四个月让新品自然订单大于广告订单,Attachments/亚马逊知识库原件/站内广告/广告案例/1 花四个月让新品自然订单大于广告订单.pdf,no,ok,1305821
站内广告/广告案例/1个月出单量增加100倍的广告打法解析.pdf,10_亚马逊知识库同步/站内广告/广告案例/1个月出单量增加100倍的广告打法解析.md,10_亚马逊知识库同步/站内广告/广告案例/1个月出单量增加100倍的广告打法解析,Attachments/亚马逊知识库原件/站内广告/广告案例/1个月出单量增加100倍的广告打法解析.pdf,no,ok,2723346
站内广告/广告案例/1个月实现单量翻倍的打法攻略.pdf,10_亚马逊知识库同步/站内广告/广告案例/1个月实现单量翻倍的打法攻略.md,10_亚马逊知识库同步/站内广告/广告案例/1个月实现单量翻倍的打法攻略,Attachments/亚马逊知识库原件/站内广告/广告案例/1个月实现单量翻倍的打法攻略.pdf,no,ok,740576
站内广告/广告案例/【可复制打法】3C红海类目广告最强打法！.pdf,10_亚马逊知识库同步/站内广告/广告案例/【可复制打法】3C红海类目广告最强打法！.md,10_亚马逊知识库同步/站内广告/广告案例/【可复制打法】3C红海类目广告最强打法！,Attachments/亚马逊知识库原件/站内广告/广告案例/【可复制打法】3C红海类目广告最强打法！.pdf,no,ok,6256875
站内广告/广告案例/【可复制打法】3C红海类目站外广告最快打法.pdf,10_亚马逊知识库同步/站内广告/广告案例/【可复制打法】3C红海类目站外广告最快打法.md,10_亚马逊知识库同步/站内广告/广告案例/【可复制打法】3C红海类目站外广告最快打法,Attachments/亚马逊知识库原件/站内广告/广告案例/【可复制打法】3C红海类目站外广告最快打法.pdf,no,ok,5213514
站内广告/广告案例/【可复制打法】实操打造高质量高转化Listing方法！.pdf,10_亚马逊知识库同步/站内广告/广告案例/【可复制打法】实操打造高质量高转化Listing方法！.md,10_亚马逊知识库同步/站内广告/广告案例/【可复制打法】实操打造高质量高转化Listing方法！,Attachments/亚马逊知识库原件/站内广告/广告案例/【可复制打法】实操打造高质量高转化Listing方法！.pdf,no,ok,5845195
站内广告/广告案例/【案例解析】亚马逊新品广告的底层逻辑思维.pdf,10_亚马逊知识库同步/站内广告/广告案例/【案例解析】亚马逊新品广告的底层逻辑思维.md,10_亚马逊知识库同步/站内广告/广告案例/【案例解析】亚马逊新品广告的底层逻辑思维,Attachments/亚马逊知识库原件/站内广告/广告案例/【案例解析】亚马逊新品广告的底层逻辑思维.pdf,no,ok,72379
站内广告/广告案例/【直接套用】数据总结！亚马逊广告表现优化终极公式.pdf,10_亚马逊知识库同步/站内广告/广告案例/【直接套用】数据总结！亚马逊广告表现优化终极公式.md,10_亚马逊知识库同步/站内广告/广告案例/【直接套用】数据总结！亚马逊广告表现优化终极公式,Attachments/亚马逊知识库原件/站内广告/广告案例/【直接套用】数据总结！亚马逊广告表现优化终极公式.pdf,no,ok,1896072
站内广告/广告案例/亚马逊老品关键词排名速效打法模型.pdf,10_亚马逊知识库同步/站内广告/广告案例/亚马逊老品关键词排名速效打法模型.md,10_亚马逊知识库同步/站内广告/广告案例/亚马逊老品关键词排名速效打法模型,Attachments/亚马逊知识库原件/站内广告/广告案例/亚马逊老品关键词排名速效打法模型.pdf,no,ok,302957
站内广告/广告案例/亚马逊高客单价广告高效打法布局.pdf,10_亚马逊知识库同步/站内广告/广告案例/亚马逊高客单价广告高效打法布局.md,10_亚马逊知识库同步/站内广告/广告案例/亚马逊高客单价广告高效打法布局,Attachments/亚马逊知识库原件/站内广告/广告案例/亚马逊高客单价广告高效打法布局.pdf,no,ok,257418
站内广告/广告案例/月利润30万的链接是怎么推起来的.pdf,10_亚马逊知识库同步/站内广告/广告案例/月利润30万的链接是怎么推起来的.md,10_亚马逊知识库同步/站内广告/广告案例/月利润30万的链接是怎么推起来的,Attachments/亚马逊知识库原件/站内广告/广告案例/月利润30万的链接是怎么推起来的.pdf,no,ok,116966
站内广告/广告案例/红海类目大促后只有点击不出单  如何成功翻量200%+？  .pdf,10_亚马逊知识库同步/站内广告/广告案例/红海类目大促后只有点击不出单 如何成功翻量200%+？ .md,10_亚马逊知识库同步/站内广告/广告案例/红海类目大促后只有点击不出单 如何成功翻量200%+？ ,Attachments/亚马逊知识库原件/站内广告/广告案例/红海类目大促后只有点击不出单 如何成功翻量200%+？ .pdf,no,ok,912830
站内广告/广告案例/花四个月让新品自然订单大于广告订单.pdf,10_亚马逊知识库同步/站内广告/广告案例/花四个月让新品自然订单大于广告订单.md,10_亚马逊知识库同步/站内广告/广告案例/花四个月让新品自然订单大于广告订单,Attachments/亚马逊知识库原件/站内广告/广告案例/花四个月让新品自然订单大于广告订单.pdf,no,ok,1305821
站内广告/广告类型/1 亚马逊新品自动广告4种高级玩法.pdf,10_亚马逊知识库同步/站内广告/广告类型/1 亚马逊新品自动广告4种高级玩法.md,10_亚马逊知识库同步/站内广告/广告类型/1 亚马逊新品自动广告4种高级玩法,Attachments/亚马逊知识库原件/站内广告/广告类型/1 亚马逊新品自动广告4种高级玩法.pdf,no,ok,260992
站内广告/广告类型/2025 SD广告高阶玩法与优化策略.docx,10_亚马逊知识库同步/站内广告/广告类型/2025 SD广告高阶玩法与优化策略.md,10_亚马逊知识库同步/站内广告/广告类型/2025 SD广告高阶玩法与优化策略,Attachments/亚马逊知识库原件/站内广告/广告类型/2025 SD广告高阶玩法与优化策略.docx,no,ok,3929987
站内广告/广告类型/3天246单，2025品牌广告才是新出路！.docx,10_亚马逊知识库同步/站内广告/广告类型/3天246单，2025品牌广告才是新出路！.md,10_亚马逊知识库同步/站内广告/广告类型/3天246单，2025品牌广告才是新出路！,Attachments/亚马逊知识库原件/站内广告/广告类型/3天246单，2025品牌广告才是新出路！.docx,no,ok,1668235
站内广告/广告类型/SB广告打法.xmind,10_亚马逊知识库同步/站内广告/广告类型/SB广告打法.md,10_亚马逊知识库同步/站内广告/广告类型/SB广告打法,Attachments/亚马逊知识库原件/站内广告/广告类型/SB广告打法.xmind,no,ok,1851503
站内广告/广告类型/亚马逊SB品牌广告投放攻略.docx,10_亚马逊知识库同步/站内广告/广告类型/亚马逊SB品牌广告投放攻略.md,10_亚马逊知识库同步/站内广告/广告类型/亚马逊SB品牌广告投放攻略,Attachments/亚马逊知识库原件/站内广告/广告类型/亚马逊SB品牌广告投放攻略.docx,no,ok,1413521
站内广告/广告类型/亚马逊品牌广告十三步详解.docx,10_亚马逊知识库同步/站内广告/广告类型/亚马逊品牌广告十三步详解.md,10_亚马逊知识库同步/站内广告/广告类型/亚马逊品牌广告十三步详解,Attachments/亚马逊知识库原件/站内广告/广告类型/亚马逊品牌广告十三步详解.docx,no,ok,1884200
站内广告/广告类型/品牌广告如何精准定向.pdf,10_亚马逊知识库同步/站内广告/广告类型/品牌广告如何精准定向.md,10_亚马逊知识库同步/站内广告/广告类型/品牌广告如何精准定向,Attachments/亚马逊知识库原件/站内广告/广告类型/品牌广告如何精准定向.pdf,no,ok,6694941
站内广告/广告类型/多SKU变体的展示型广告怎么打.docx,10_亚马逊知识库同步/站内广告/广告类型/多SKU变体的展示型广告怎么打.md,10_亚马逊知识库同步/站内广告/广告类型/多SKU变体的展示型广告怎么打,Attachments/亚马逊知识库原件/站内广告/广告类型/多SKU变体的展示型广告怎么打.docx,no,ok,503228
站内广告/广告类型/高中低单次竞价策略，玩转亚马逊SP广告.pdf,10_亚马逊知识库同步/站内广告/广告类型/高中低单次竞价策略，玩转亚马逊SP广告.md,10_亚马逊知识库同步/站内广告/广告类型/高中低单次竞价策略，玩转亚马逊SP广告,Attachments/亚马逊知识库原件/站内广告/广告类型/高中低单次竞价策略，玩转亚马逊SP广告.pdf,no,ok,1646748
站内广告/底层逻辑/1 亚马逊新品推广4种价格策略解读.pdf,10_亚马逊知识库同步/站内广告/底层逻辑/1 亚马逊新品推广4种价格策略解读.md,10_亚马逊知识库同步/站内广告/底层逻辑/1 亚马逊新品推广4种价格策略解读,Attachments/亚马逊知识库原件/站内广告/底层逻辑/1 亚马逊新品推广4种价格策略解读.pdf,no,ok,2053121
站内广告/底层逻辑/亚马逊CPC广告架构及新品推广投放打法.pdf,10_亚马逊知识库同步/站内广告/底层逻辑/亚马逊CPC广告架构及新品推广投放打法.md,10_亚马逊知识库同步/站内广告/底层逻辑/亚马逊CPC广告架构及新品推广投放打法,Attachments/亚马逊知识库原件/站内广告/底层逻辑/亚马逊CPC广告架构及新品推广投放打法.pdf,no,ok,2774961
站内广告/底层逻辑/亚马逊关键词推广全流程详解.pdf,10_亚马逊知识库同步/站内广告/底层逻辑/亚马逊关键词推广全流程详解.md,10_亚马逊知识库同步/站内广告/底层逻辑/亚马逊关键词推广全流程详解,Attachments/亚马逊知识库原件/站内广告/底层逻辑/亚马逊关键词推广全流程详解.pdf,no,ok,5278765
站内广告/底层逻辑/亚马逊广告-如何有效地为新品引流.pdf,10_亚马逊知识库同步/站内广告/底层逻辑/亚马逊广告-如何有效地为新品引流.md,10_亚马逊知识库同步/站内广告/底层逻辑/亚马逊广告-如何有效地为新品引流,Attachments/亚马逊知识库原件/站内广告/底层逻辑/亚马逊广告-如何有效地为新品引流.pdf,no,ok,4860041
站内广告/底层逻辑/亚马逊广告底层逻辑思维（保姆级）.xmind,10_亚马逊知识库同步/站内广告/底层逻辑/亚马逊广告底层逻辑思维（保姆级）.md,10_亚马逊知识库同步/站内广告/底层逻辑/亚马逊广告底层逻辑思维（保姆级）,Attachments/亚马逊知识库原件/站内广告/底层逻辑/亚马逊广告底层逻辑思维（保姆级）.xmind,no,ok,271183
站内广告/底层逻辑/亚马逊广告的否词逻辑全整理.docx,10_亚马逊知识库同步/站内广告/底层逻辑/亚马逊广告的否词逻辑全整理.md,10_亚马逊知识库同步/站内广告/底层逻辑/亚马逊广告的否词逻辑全整理,Attachments/亚马逊知识库原件/站内广告/底层逻辑/亚马逊广告的否词逻辑全整理.docx,no,ok,1137394
站内广告/底层逻辑/亚马逊广告运营的常见误区.docx,10_亚马逊知识库同步/站内广告/底层逻辑/亚马逊广告运营的常见误区.md,10_亚马逊知识库同步/站内广告/底层逻辑/亚马逊广告运营的常见误区,Attachments/亚马逊知识库原件/站内广告/底层逻辑/亚马逊广告运营的常见误区.docx,no,ok,16677
站内广告/底层逻辑/亚马逊广告运营节奏思维导图 (1).pdf,10_亚马逊知识库同步/站内广告/底层逻辑/亚马逊广告运营节奏思维导图 (1).md,10_亚马逊知识库同步/站内广告/底层逻辑/亚马逊广告运营节奏思维导图 (1),Attachments/亚马逊知识库原件/站内广告/底层逻辑/亚马逊广告运营节奏思维导图 (1).pdf,no,ok,326963
站内广告/底层逻辑/亚马逊投放策略.xlsx,10_亚马逊知识库同步/站内广告/底层逻辑/亚马逊投放策略.md,10_亚马逊知识库同步/站内广告/底层逻辑/亚马逊投放策略,Attachments/亚马逊知识库原件/站内广告/底层逻辑/亚马逊投放策略.xlsx,no,ok,14792
站内广告/底层逻辑/压低CPC实现投产比最大化（压低CPC对策）.pdf,10_亚马逊知识库同步/站内广告/底层逻辑/压低CPC实现投产比最大化（压低CPC对策）.md,10_亚马逊知识库同步/站内广告/底层逻辑/压低CPC实现投产比最大化（压低CPC对策）,Attachments/亚马逊知识库原件/站内广告/底层逻辑/压低CPC实现投产比最大化（压低CPC对策）.pdf,no,ok,4119873
站内广告/底层逻辑/归类和管理亚马逊广告组合，广告框架更加清晰！.pdf,10_亚马逊知识库同步/站内广告/底层逻辑/归类和管理亚马逊广告组合，广告框架更加清晰！.md,10_亚马逊知识库同步/站内广告/底层逻辑/归类和管理亚马逊广告组合，广告框架更加清晰！,Attachments/亚马逊知识库原件/站内广告/底层逻辑/归类和管理亚马逊广告组合，广告框架更加清晰！.pdf,no,ok,558678
站内广告/底层逻辑/把握消费者画像，提高广告引流精准度.docx,10_亚马逊知识库同步/站内广告/底层逻辑/把握消费者画像，提高广告引流精准度.md,10_亚马逊知识库同步/站内广告/底层逻辑/把握消费者画像，提高广告引流精准度,Attachments/亚马逊知识库原件/站内广告/底层逻辑/把握消费者画像，提高广告引流精准度.docx,no,ok,485139
账号安全/合规类/COO__Guidance-原产国合规.pdf,10_亚马逊知识库同步/账号安全/合规类/COO__Guidance-原产国合规.md,10_亚马逊知识库同步/账号安全/合规类/COO__Guidance-原产国合规,Attachments/亚马逊知识库原件/账号安全/合规类/COO__Guidance-原产国合规.pdf,no,ok,1119268
账号安全/合规类/GPSR合规手册.pdf,10_亚马逊知识库同步/账号安全/合规类/GPSR合规手册.md,10_亚马逊知识库同步/账号安全/合规类/GPSR合规手册,Attachments/亚马逊知识库原件/账号安全/合规类/GPSR合规手册.pdf,no,ok,1080993
账号安全/合规类/亚马逊日本站玩具品类合规性.pdf,10_亚马逊知识库同步/账号安全/合规类/亚马逊日本站玩具品类合规性.md,10_亚马逊知识库同步/账号安全/合规类/亚马逊日本站玩具品类合规性,Attachments/亚马逊知识库原件/账号安全/合规类/亚马逊日本站玩具品类合规性.pdf,no,ok,617709
账号安全/合规类/产品合规.pdf,10_亚马逊知识库同步/账号安全/合规类/产品合规.md,10_亚马逊知识库同步/账号安全/合规类/产品合规,Attachments/亚马逊知识库原件/账号安全/合规类/产品合规.pdf,no,ok,5339827
账号安全/合规类/加拿大产品合规简介.pdf,10_亚马逊知识库同步/账号安全/合规类/加拿大产品合规简介.md,10_亚马逊知识库同步/账号安全/合规类/加拿大产品合规简介,Attachments/亚马逊知识库原件/账号安全/合规类/加拿大产品合规简介.pdf,no,ok,2789728
账号安全/合规类/加拿大资质审核超详细流程.pdf,10_亚马逊知识库同步/账号安全/合规类/加拿大资质审核超详细流程.md,10_亚马逊知识库同步/账号安全/合规类/加拿大资质审核超详细流程,Attachments/亚马逊知识库原件/账号安全/合规类/加拿大资质审核超详细流程.pdf,no,ok,329200
账号安全/合规类/北美产品合规简介.pdf,10_亚马逊知识库同步/账号安全/合规类/北美产品合规简介.md,10_亚马逊知识库同步/账号安全/合规类/北美产品合规简介,Attachments/亚马逊知识库原件/账号安全/合规类/北美产品合规简介.pdf,no,ok,6339894
账号安全/合规类/危险货物合规简介.pdf,10_亚马逊知识库同步/账号安全/合规类/危险货物合规简介.md,10_亚马逊知识库同步/账号安全/合规类/危险货物合规简介,Attachments/亚马逊知识库原件/账号安全/合规类/危险货物合规简介.pdf,no,ok,12544985
账号安全/合规类/受限商品政策.pdf,10_亚马逊知识库同步/账号安全/合规类/受限商品政策.md,10_亚马逊知识库同步/账号安全/合规类/受限商品政策,Attachments/亚马逊知识库原件/账号安全/合规类/受限商品政策.pdf,no,ok,4638280
账号安全/合规类/合规性参考工具（CKP）使用指南.pdf,10_亚马逊知识库同步/账号安全/合规类/合规性参考工具（CKP）使用指南.md,10_亚马逊知识库同步/账号安全/合规类/合规性参考工具（CKP）使用指南,Attachments/亚马逊知识库原件/账号安全/合规类/合规性参考工具（CKP）使用指南.pdf,no,ok,5857889
账号安全/合规类/墨西哥产品合规简介.pdf,10_亚马逊知识库同步/账号安全/合规类/墨西哥产品合规简介.md,10_亚马逊知识库同步/账号安全/合规类/墨西哥产品合规简介,Attachments/亚马逊知识库原件/账号安全/合规类/墨西哥产品合规简介.pdf,no,ok,8932735
账号安全/合规类/欧洲GPSR标签参考.pdf,10_亚马逊知识库同步/账号安全/合规类/欧洲GPSR标签参考.md,10_亚马逊知识库同步/账号安全/合规类/欧洲GPSR标签参考,Attachments/亚马逊知识库原件/账号安全/合规类/欧洲GPSR标签参考.pdf,no,ok,2812917
账号安全/合规类/欧洲完美合规指南.pdf,10_亚马逊知识库同步/账号安全/合规类/欧洲完美合规指南.md,10_亚马逊知识库同步/账号安全/合规类/欧洲完美合规指南,Attachments/亚马逊知识库原件/账号安全/合规类/欧洲完美合规指南.pdf,no,ok,1388643
账号安全/合规类/美国进口合规流程.pdf,10_亚马逊知识库同步/账号安全/合规类/美国进口合规流程.md,10_亚马逊知识库同步/账号安全/合规类/美国进口合规流程,Attachments/亚马逊知识库原件/账号安全/合规类/美国进口合规流程.pdf,no,ok,3013110
账号安全/合规类/跨境产品各种认证讲解.pdf,10_亚马逊知识库同步/账号安全/合规类/跨境产品各种认证讲解.md,10_亚马逊知识库同步/账号安全/合规类/跨境产品各种认证讲解,Attachments/亚马逊知识库原件/账号安全/合规类/跨境产品各种认证讲解.pdf,no,ok,1893213
账号安全/合规类/进出口贸易合规简介.pdf,10_亚马逊知识库同步/账号安全/合规类/进出口贸易合规简介.md,10_亚马逊知识库同步/账号安全/合规类/进出口贸易合规简介,Attachments/亚马逊知识库原件/账号安全/合规类/进出口贸易合规简介.pdf,no,ok,9504681
账号安全/合规类/高风险品类合规-化妆品类.pdf,10_亚马逊知识库同步/账号安全/合规类/高风险品类合规-化妆品类.md,10_亚马逊知识库同步/账号安全/合规类/高风险品类合规-化妆品类,Attachments/亚马逊知识库原件/账号安全/合规类/高风险品类合规-化妆品类.pdf,no,ok,4674540
账号安全/合规类/高风险品类合规-家具类.pdf,10_亚马逊知识库同步/账号安全/合规类/高风险品类合规-家具类.md,10_亚马逊知识库同步/账号安全/合规类/高风险品类合规-家具类,Attachments/亚马逊知识库原件/账号安全/合规类/高风险品类合规-家具类.pdf,no,ok,7372315
账号安全/合规类/高风险品类合规-灯具品类.pdf,10_亚马逊知识库同步/账号安全/合规类/高风险品类合规-灯具品类.md,10_亚马逊知识库同步/账号安全/合规类/高风险品类合规-灯具品类,Attachments/亚马逊知识库原件/账号安全/合规类/高风险品类合规-灯具品类.pdf,no,ok,10349390
账号安全/合规类/高风险品类合规-玩具品类.pdf,10_亚马逊知识库同步/账号安全/合规类/高风险品类合规-玩具品类.md,10_亚马逊知识库同步/账号安全/合规类/高风险品类合规-玩具品类,Attachments/亚马逊知识库原件/账号安全/合规类/高风险品类合规-玩具品类.pdf,no,ok,8336958
账号安全/合规类/高风险品类合规-电子产品类.pdf,10_亚马逊知识库同步/账号安全/合规类/高风险品类合规-电子产品类.md,10_亚马逊知识库同步/账号安全/合规类/高风险品类合规-电子产品类,Attachments/亚马逊知识库原件/账号安全/合规类/高风险品类合规-电子产品类.pdf,no,ok,13072694
账号安全/账号申诉/2025版亚马逊各类视频验证汇总.docx,10_亚马逊知识库同步/账号安全/账号申诉/2025版亚马逊各类视频验证汇总.md,10_亚马逊知识库同步/账号安全/账号申诉/2025版亚马逊各类视频验证汇总,Attachments/亚马逊知识库原件/账号安全/账号申诉/2025版亚马逊各类视频验证汇总.docx,no,ok,262958
账号安全/账号申诉/5461报错解决方法.docx,10_亚马逊知识库同步/账号安全/账号申诉/5461报错解决方法.md,10_亚马逊知识库同步/账号安全/账号申诉/5461报错解决方法,Attachments/亚马逊知识库原件/账号安全/账号申诉/5461报错解决方法.docx,no,ok,14899
账号安全/账号申诉/8541问题解决方法.txt,10_亚马逊知识库同步/账号安全/账号申诉/8541问题解决方法.md,10_亚马逊知识库同步/账号安全/账号申诉/8541问题解决方法,Attachments/亚马逊知识库原件/账号安全/账号申诉/8541问题解决方法.txt,no,ok,1625
账号安全/账号申诉/AZ申诉模板(物流原因）.docx,10_亚马逊知识库同步/账号安全/账号申诉/AZ申诉模板(物流原因）.md,10_亚马逊知识库同步/账号安全/账号申诉/AZ申诉模板(物流原因）,Attachments/亚马逊知识库原件/账号安全/账号申诉/AZ申诉模板(物流原因）.docx,no,ok,12535
账号安全/账号申诉/DMCA-反诉信模板.docx,10_亚马逊知识库同步/账号安全/账号申诉/DMCA-反诉信模板.md,10_亚马逊知识库同步/账号安全/账号申诉/DMCA-反诉信模板,Attachments/亚马逊知识库原件/账号安全/账号申诉/DMCA-反诉信模板.docx,no,ok,13080
账号安全/账号申诉/POA.pdf,10_亚马逊知识库同步/账号安全/账号申诉/POA.md,10_亚马逊知识库同步/账号安全/账号申诉/POA,Attachments/亚马逊知识库原件/账号安全/账号申诉/POA.pdf,no,ok,119017
账号安全/账号申诉/poa中英对照.pdf,10_亚马逊知识库同步/账号安全/账号申诉/poa中英对照.md,10_亚马逊知识库同步/账号安全/账号申诉/poa中英对照,Attachments/亚马逊知识库原件/账号安全/账号申诉/poa中英对照.pdf,no,ok,136584
账号安全/账号申诉/POA二审.docx,10_亚马逊知识库同步/账号安全/账号申诉/POA二审.md,10_亚马逊知识库同步/账号安全/账号申诉/POA二审,Attachments/亚马逊知识库原件/账号安全/账号申诉/POA二审.docx,no,ok,611337
账号安全/账号申诉/专利侵权申诉.pdf,10_亚马逊知识库同步/账号安全/账号申诉/专利侵权申诉.md,10_亚马逊知识库同步/账号安全/账号申诉/专利侵权申诉,Attachments/亚马逊知识库原件/账号安全/账号申诉/专利侵权申诉.pdf,no,ok,952462
账号安全/账号申诉/买家投诉商品有缺陷申诉POA.docx,10_亚马逊知识库同步/账号安全/账号申诉/买家投诉商品有缺陷申诉POA.md,10_亚马逊知识库同步/账号安全/账号申诉/买家投诉商品有缺陷申诉POA,Attachments/亚马逊知识库原件/账号安全/账号申诉/买家投诉商品有缺陷申诉POA.docx,no,ok,14731
账号安全/账号申诉/亚马逊二审、常见邮件回复模版.xlsx,10_亚马逊知识库同步/账号安全/账号申诉/亚马逊二审、常见邮件回复模版.md,10_亚马逊知识库同步/账号安全/账号申诉/亚马逊二审、常见邮件回复模版,Attachments/亚马逊知识库原件/账号安全/账号申诉/亚马逊二审、常见邮件回复模版.xlsx,no,ok,127122
账号安全/账号申诉/亚马逊产品侵权申诉模板.pdf,10_亚马逊知识库同步/账号安全/账号申诉/亚马逊产品侵权申诉模板.md,10_亚马逊知识库同步/账号安全/账号申诉/亚马逊产品侵权申诉模板,Attachments/亚马逊知识库原件/账号安全/账号申诉/亚马逊产品侵权申诉模板.pdf,no,ok,802876
账号安全/账号申诉/亚马逊各类视频验证汇总.docx,10_亚马逊知识库同步/账号安全/账号申诉/亚马逊各类视频验证汇总.md,10_亚马逊知识库同步/账号安全/账号申诉/亚马逊各类视频验证汇总,Attachments/亚马逊知识库原件/账号安全/账号申诉/亚马逊各类视频验证汇总.docx,no,ok,16736
账号安全/账号申诉/亚马逊官方邮箱.docx,10_亚马逊知识库同步/账号安全/账号申诉/亚马逊官方邮箱.md,10_亚马逊知识库同步/账号安全/账号申诉/亚马逊官方邮箱,Attachments/亚马逊知识库原件/账号安全/账号申诉/亚马逊官方邮箱.docx,no,ok,11201
账号安全/账号申诉/亚马逊版权侵权恶意投诉DMCA反通知模板.docx,10_亚马逊知识库同步/账号安全/账号申诉/亚马逊版权侵权恶意投诉DMCA反通知模板.md,10_亚马逊知识库同步/账号安全/账号申诉/亚马逊版权侵权恶意投诉DMCA反通知模板,Attachments/亚马逊知识库原件/账号安全/账号申诉/亚马逊版权侵权恶意投诉DMCA反通知模板.docx,no,ok,18758
账号安全/账号申诉/亚马逊视频验证问题大全归纳.xlsx,10_亚马逊知识库同步/账号安全/账号申诉/亚马逊视频验证问题大全归纳.md,10_亚马逊知识库同步/账号安全/账号申诉/亚马逊视频验证问题大全归纳,Attachments/亚马逊知识库原件/账号安全/账号申诉/亚马逊视频验证问题大全归纳.xlsx,no,ok,774407
账号安全/账号申诉/亚马逊账户绩效问题申诉模板.xls,10_亚马逊知识库同步/账号安全/账号申诉/亚马逊账户绩效问题申诉模板.md,10_亚马逊知识库同步/账号安全/账号申诉/亚马逊账户绩效问题申诉模板,Attachments/亚马逊知识库原件/账号安全/账号申诉/亚马逊账户绩效问题申诉模板.xls,no,metadata_only,43008
账号安全/账号申诉/亚马逊踩坑史 - 瑕疵品申诉思路.docx,10_亚马逊知识库同步/账号安全/账号申诉/亚马逊踩坑史 - 瑕疵品申诉思路.md,10_亚马逊知识库同步/账号安全/账号申诉/亚马逊踩坑史 - 瑕疵品申诉思路,Attachments/亚马逊知识库原件/账号安全/账号申诉/亚马逊踩坑史 - 瑕疵品申诉思路.docx,no,ok,476857
账号安全/账号申诉/产品被投诉二手申诉模板.pdf,10_亚马逊知识库同步/账号安全/账号申诉/产品被投诉二手申诉模板.md,10_亚马逊知识库同步/账号安全/账号申诉/产品被投诉二手申诉模板,Attachments/亚马逊知识库原件/账号安全/账号申诉/产品被投诉二手申诉模板.pdf,no,ok,229459
账号安全/账号申诉/供应链身份验证审核.docx,10_亚马逊知识库同步/账号安全/账号申诉/供应链身份验证审核.md,10_亚马逊知识库同步/账号安全/账号申诉/供应链身份验证审核,Attachments/亚马逊知识库原件/账号安全/账号申诉/供应链身份验证审核.docx,no,ok,20658
账号安全/账号申诉/侵权POA申诉模板.doc,10_亚马逊知识库同步/账号安全/账号申诉/侵权POA申诉模板.md,10_亚马逊知识库同步/账号安全/账号申诉/侵权POA申诉模板,Attachments/亚马逊知识库原件/账号安全/账号申诉/侵权POA申诉模板.doc,no,metadata_only,669696
账号安全/账号申诉/假冒商品（非测试购买-真实性投诉） POA 成功过程.pdf,10_亚马逊知识库同步/账号安全/账号申诉/假冒商品（非测试购买-真实性投诉） POA 成功过程.md,10_亚马逊知识库同步/账号安全/账号申诉/假冒商品（非测试购买-真实性投诉） POA 成功过程,Attachments/亚马逊知识库原件/账号安全/账号申诉/假冒商品（非测试购买-真实性投诉） POA 成功过程.pdf,no,ok,476333
账号安全/账号申诉/儿童产品的判定方法或者证明资料.pdf,10_亚马逊知识库同步/账号安全/账号申诉/儿童产品的判定方法或者证明资料.md,10_亚马逊知识库同步/账号安全/账号申诉/儿童产品的判定方法或者证明资料,Attachments/亚马逊知识库原件/账号安全/账号申诉/儿童产品的判定方法或者证明资料.pdf,no,ok,91598
账号安全/账号申诉/准备的资料.pdf,10_亚马逊知识库同步/账号安全/账号申诉/准备的资料.md,10_亚马逊知识库同步/账号安全/账号申诉/准备的资料,Attachments/亚马逊知识库原件/账号安全/账号申诉/准备的资料.pdf,no,ok,68957
账号安全/账号申诉/刷单申诉(一刷）.pdf,10_亚马逊知识库同步/账号安全/账号申诉/刷单申诉(一刷）.md,10_亚马逊知识库同步/账号安全/账号申诉/刷单申诉(一刷）,Attachments/亚马逊知识库原件/账号安全/账号申诉/刷单申诉(一刷）.pdf,no,ok,115523
账号安全/账号申诉/史上最齐的亚马逊申诉大全.pdf,10_亚马逊知识库同步/账号安全/账号申诉/史上最齐的亚马逊申诉大全.md,10_亚马逊知识库同步/账号安全/账号申诉/史上最齐的亚马逊申诉大全,Attachments/亚马逊知识库原件/账号安全/账号申诉/史上最齐的亚马逊申诉大全.pdf,no,ok,720489
账号安全/账号申诉/品牌关联解除思路.doc,10_亚马逊知识库同步/账号安全/账号申诉/品牌关联解除思路.md,10_亚马逊知识库同步/账号安全/账号申诉/品牌关联解除思路,Attachments/亚马逊知识库原件/账号安全/账号申诉/品牌关联解除思路.doc,no,metadata_only,11264
账号安全/账号申诉/品牌因为投诉被撤销举报功能申诉.docx,10_亚马逊知识库同步/账号安全/账号申诉/品牌因为投诉被撤销举报功能申诉.md,10_亚马逊知识库同步/账号安全/账号申诉/品牌因为投诉被撤销举报功能申诉,Attachments/亚马逊知识库原件/账号安全/账号申诉/品牌因为投诉被撤销举报功能申诉.docx,no,ok,12806
账号安全/账号申诉/品牌备案被判滥用后的申诉材料指导 -- 0621.pdf,10_亚马逊知识库同步/账号安全/账号申诉/品牌备案被判滥用后的申诉材料指导 -- 0621.md,10_亚马逊知识库同步/账号安全/账号申诉/品牌备案被判滥用后的申诉材料指导 -- 0621,Attachments/亚马逊知识库原件/账号安全/账号申诉/品牌备案被判滥用后的申诉材料指导 -- 0621.pdf,no,ok,1021882
账号安全/账号申诉/品牌备案被判滥用后的申诉材料指导-内部资料.pdf,10_亚马逊知识库同步/账号安全/账号申诉/品牌备案被判滥用后的申诉材料指导-内部资料.md,10_亚马逊知识库同步/账号安全/账号申诉/品牌备案被判滥用后的申诉材料指导-内部资料,Attachments/亚马逊知识库原件/账号安全/账号申诉/品牌备案被判滥用后的申诉材料指导-内部资料.pdf,no,ok,1021882
账号安全/账号申诉/品牌授权模板.doc,10_亚马逊知识库同步/账号安全/账号申诉/品牌授权模板.md,10_亚马逊知识库同步/账号安全/账号申诉/品牌授权模板,Attachments/亚马逊知识库原件/账号安全/账号申诉/品牌授权模板.doc,no,metadata_only,17920
账号安全/账号申诉/品牌滥用恢复亲测.docx,10_亚马逊知识库同步/账号安全/账号申诉/品牌滥用恢复亲测.md,10_亚马逊知识库同步/账号安全/账号申诉/品牌滥用恢复亲测,Attachments/亚马逊知识库原件/账号安全/账号申诉/品牌滥用恢复亲测.docx,no,ok,519224
账号安全/账号申诉/品牌滥用申诉流程.docx,10_亚马逊知识库同步/账号安全/账号申诉/品牌滥用申诉流程.md,10_亚马逊知识库同步/账号安全/账号申诉/品牌滥用申诉流程,Attachments/亚马逊知识库原件/账号安全/账号申诉/品牌滥用申诉流程.docx,no,ok,715414
账号安全/账号申诉/品牌滥用申诉通过模板内容.pdf,10_亚马逊知识库同步/账号安全/账号申诉/品牌滥用申诉通过模板内容.md,10_亚马逊知识库同步/账号安全/账号申诉/品牌滥用申诉通过模板内容,Attachments/亚马逊知识库原件/账号安全/账号申诉/品牌滥用申诉通过模板内容.pdf,no,ok,2119984
账号安全/账号申诉/品牌篡改   如何申诉回来.docx,10_亚马逊知识库同步/账号安全/账号申诉/品牌篡改 如何申诉回来.md,10_亚马逊知识库同步/账号安全/账号申诉/品牌篡改 如何申诉回来,Attachments/亚马逊知识库原件/账号安全/账号申诉/品牌篡改 如何申诉回来.docx,no,ok,12065
账号安全/账号申诉/商品状况申诉思路.docx,10_亚马逊知识库同步/账号安全/账号申诉/商品状况申诉思路.md,10_亚马逊知识库同步/账号安全/账号申诉/商品状况申诉思路,Attachments/亚马逊知识库原件/账号安全/账号申诉/商品状况申诉思路.docx,no,ok,26878
账号安全/账号申诉/图片侵权申诉模板-已过.doc,10_亚马逊知识库同步/账号安全/账号申诉/图片侵权申诉模板-已过.md,10_亚马逊知识库同步/账号安全/账号申诉/图片侵权申诉模板-已过,Attachments/亚马逊知识库原件/账号安全/账号申诉/图片侵权申诉模板-已过.doc,no,metadata_only,14848
账号安全/账号申诉/如何恢复销售权限简介.pdf,10_亚马逊知识库同步/账号安全/账号申诉/如何恢复销售权限简介.md,10_亚马逊知识库同步/账号安全/账号申诉/如何恢复销售权限简介,Attachments/亚马逊知识库原件/账号安全/账号申诉/如何恢复销售权限简介.pdf,no,ok,828211
账号安全/账号申诉/实操分享-- 被系统误判为限制商品要求提供一些注册号或认证材料的具体解决步骤.pdf,10_亚马逊知识库同步/账号安全/账号申诉/实操分享-- 被系统误判为限制商品要求提供一些注册号或认证材料的具体解决步骤.md,10_亚马逊知识库同步/账号安全/账号申诉/实操分享-- 被系统误判为限制商品要求提供一些注册号或认证材料的具体解决步骤,Attachments/亚马逊知识库原件/账号安全/账号申诉/实操分享-- 被系统误判为限制商品要求提供一些注册号或认证材料的具体解决步骤.pdf,no,ok,774056
账号安全/账号申诉/律师问题导致品牌滥用申诉内容.docx,10_亚马逊知识库同步/账号安全/账号申诉/律师问题导致品牌滥用申诉内容.md,10_亚马逊知识库同步/账号安全/账号申诉/律师问题导致品牌滥用申诉内容,Attachments/亚马逊知识库原件/账号安全/账号申诉/律师问题导致品牌滥用申诉内容.docx,no,ok,738915
账号安全/账号申诉/操纵评论申诉培训.docx,10_亚马逊知识库同步/账号安全/账号申诉/操纵评论申诉培训.md,10_亚马逊知识库同步/账号安全/账号申诉/操纵评论申诉培训,Attachments/亚马逊知识库原件/账号安全/账号申诉/操纵评论申诉培训.docx,no,ok,239971
账号安全/账号申诉/最全面的变体违规申诉.docx,10_亚马逊知识库同步/账号安全/账号申诉/最全面的变体违规申诉.md,10_亚马逊知识库同步/账号安全/账号申诉/最全面的变体违规申诉,Attachments/亚马逊知识库原件/账号安全/账号申诉/最全面的变体违规申诉.docx,no,ok,1571612
账号安全/账号申诉/欧洲太阳能灯误判需要能效标申诉成功案例.docx,10_亚马逊知识库同步/账号安全/账号申诉/欧洲太阳能灯误判需要能效标申诉成功案例.md,10_亚马逊知识库同步/账号安全/账号申诉/欧洲太阳能灯误判需要能效标申诉成功案例,Attachments/亚马逊知识库原件/账号安全/账号申诉/欧洲太阳能灯误判需要能效标申诉成功案例.docx,no,ok,2052001
账号安全/账号申诉/滥用亚马逊服务被锁的快速恢复的方法csf.txt,10_亚马逊知识库同步/账号安全/账号申诉/滥用亚马逊服务被锁的快速恢复的方法csf.md,10_亚马逊知识库同步/账号安全/账号申诉/滥用亚马逊服务被锁的快速恢复的方法csf,Attachments/亚马逊知识库原件/账号安全/账号申诉/滥用亚马逊服务被锁的快速恢复的方法csf.txt,no,ok,1406
账号安全/账号申诉/物流欺诈申诉模板.docx,10_亚马逊知识库同步/账号安全/账号申诉/物流欺诈申诉模板.md,10_亚马逊知识库同步/账号安全/账号申诉/物流欺诈申诉模板,Attachments/亚马逊知识库原件/账号安全/账号申诉/物流欺诈申诉模板.docx,no,ok,42071
账号安全/账号申诉/瑕疵申诉.pdf,10_亚马逊知识库同步/账号安全/账号申诉/瑕疵申诉.md,10_亚马逊知识库同步/账号安全/账号申诉/瑕疵申诉,Attachments/亚马逊知识库原件/账号安全/账号申诉/瑕疵申诉.pdf,no,ok,66736
账号安全/账号申诉/用数字千年版权法反击对手独立站恶意的侵权投诉模板.pdf,10_亚马逊知识库同步/账号安全/账号申诉/用数字千年版权法反击对手独立站恶意的侵权投诉模板.md,10_亚马逊知识库同步/账号安全/账号申诉/用数字千年版权法反击对手独立站恶意的侵权投诉模板,Attachments/亚马逊知识库原件/账号安全/账号申诉/用数字千年版权法反击对手独立站恶意的侵权投诉模板.pdf,no,ok,189401
账号安全/账号申诉/申诉信改革&ODR处理-2.17 最终审核版.pdf,10_亚马逊知识库同步/账号安全/账号申诉/申诉信改革&ODR处理-2.17 最终审核版.md,10_亚马逊知识库同步/账号安全/账号申诉/申诉信改革&ODR处理-2.17 最终审核版,Attachments/亚马逊知识库原件/账号安全/账号申诉/申诉信改革&ODR处理-2.17 最终审核版.pdf,no,ok,545822
账号安全/账号申诉/申诉新举例&申诉流程-2.17.2023.xlsx,10_亚马逊知识库同步/账号安全/账号申诉/申诉新举例&申诉流程-2.17.2023.md,10_亚马逊知识库同步/账号安全/账号申诉/申诉新举例&申诉流程-2.17.2023,Attachments/亚马逊知识库原件/账号安全/账号申诉/申诉新举例&申诉流程-2.17.2023.xlsx,no,ok,478367
账号安全/账号申诉/秒杀拉黑.docx,10_亚马逊知识库同步/账号安全/账号申诉/秒杀拉黑.md,10_亚马逊知识库同步/账号安全/账号申诉/秒杀拉黑,Attachments/亚马逊知识库原件/账号安全/账号申诉/秒杀拉黑.docx,no,ok,15726
账号安全/账号申诉/秒杀黑名单POA申诉信.docx,10_亚马逊知识库同步/账号安全/账号申诉/秒杀黑名单POA申诉信.md,10_亚马逊知识库同步/账号安全/账号申诉/秒杀黑名单POA申诉信,Attachments/亚马逊知识库原件/账号安全/账号申诉/秒杀黑名单POA申诉信.docx,no,ok,13904
账号安全/账号申诉/第三版视频验证问题整理.docx,10_亚马逊知识库同步/账号安全/账号申诉/第三版视频验证问题整理.md,10_亚马逊知识库同步/账号安全/账号申诉/第三版视频验证问题整理,Attachments/亚马逊知识库原件/账号安全/账号申诉/第三版视频验证问题整理.docx,no,ok,55970
账号安全/账号申诉/美国站 操纵评论 申诉模板.docx,10_亚马逊知识库同步/账号安全/账号申诉/美国站 操纵评论 申诉模板.md,10_亚马逊知识库同步/账号安全/账号申诉/美国站 操纵评论 申诉模板,Attachments/亚马逊知识库原件/账号安全/账号申诉/美国站 操纵评论 申诉模板.docx,no,ok,19489
账号安全/账号申诉/被移除多渠道配送功能申诉(1).docx,10_亚马逊知识库同步/账号安全/账号申诉/被移除多渠道配送功能申诉(1).md,10_亚马逊知识库同步/账号安全/账号申诉/被移除多渠道配送功能申诉(1),Attachments/亚马逊知识库原件/账号安全/账号申诉/被移除多渠道配送功能申诉(1).docx,no,ok,11738
账号安全/账号申诉/规范亚马逊创建变体承诺书.pdf,10_亚马逊知识库同步/账号安全/账号申诉/规范亚马逊创建变体承诺书.md,10_亚马逊知识库同步/账号安全/账号申诉/规范亚马逊创建变体承诺书,Attachments/亚马逊知识库原件/账号安全/账号申诉/规范亚马逊创建变体承诺书.pdf,no,ok,154971
账号安全/账号申诉/解密服务商代备案原理+如何让新店铺备案有简版流程+独立品牌账户注册方法20230419(1).pdf,10_亚马逊知识库同步/账号安全/账号申诉/解密服务商代备案原理+如何让新店铺备案有简版流程+独立品牌账户注册方法20230419(1).md,10_亚马逊知识库同步/账号安全/账号申诉/解密服务商代备案原理+如何让新店铺备案有简版流程+独立品牌账户注册方法20230419(1),Attachments/亚马逊知识库原件/账号安全/账号申诉/解密服务商代备案原理+如何让新店铺备案有简版流程+独立品牌账户注册方法20230419(1).pdf,no,ok,1246125
账号安全/账号申诉/订单有效追踪率申诉POA.docx,10_亚马逊知识库同步/账号安全/账号申诉/订单有效追踪率申诉POA.md,10_亚马逊知识库同步/账号安全/账号申诉/订单有效追踪率申诉POA,Attachments/亚马逊知识库原件/账号安全/账号申诉/订单有效追踪率申诉POA.docx,no,ok,19102
账号安全/账号申诉/账号被关联申诉成功202208.pdf,10_亚马逊知识库同步/账号安全/账号申诉/账号被关联申诉成功202208.md,10_亚马逊知识库同步/账号安全/账号申诉/账号被关联申诉成功202208,Attachments/亚马逊知识库原件/账号安全/账号申诉/账号被关联申诉成功202208.pdf,no,ok,164354
账号安全/账号申诉/账户状况和政策合规简介.pdf,10_亚马逊知识库同步/账号安全/账号申诉/账户状况和政策合规简介.md,10_亚马逊知识库同步/账号安全/账号申诉/账户状况和政策合规简介,Attachments/亚马逊知识库原件/账号安全/账号申诉/账户状况和政策合规简介.pdf,no,ok,1443736
账号安全/账号申诉/账户状况系列工具.pdf,10_亚马逊知识库同步/账号安全/账号申诉/账户状况系列工具.md,10_亚马逊知识库同步/账号安全/账号申诉/账户状况系列工具,Attachments/亚马逊知识库原件/账号安全/账号申诉/账户状况系列工具.pdf,no,ok,1821257
账号安全/账号申诉/赶跟卖教程.docx,99_隔离_黑帽资料/账号安全/账号申诉/赶跟卖教程.md,99_隔离_黑帽资料/账号安全/账号申诉/赶跟卖教程,99_隔离_黑帽资料/_原件/账号安全/账号申诉/赶跟卖教程.docx,yes,quarantined_no_extract,13240
账号安全/账号申诉/赶跟卖死号POA.docx,99_隔离_黑帽资料/账号安全/账号申诉/赶跟卖死号POA.md,99_隔离_黑帽资料/账号安全/账号申诉/赶跟卖死号POA,99_隔离_黑帽资料/_原件/账号安全/账号申诉/赶跟卖死号POA.docx,yes,quarantined_no_extract,19836
账号安全/账号申诉/违规原因.pdf,10_亚马逊知识库同步/账号安全/账号申诉/违规原因.md,10_亚马逊知识库同步/账号安全/账号申诉/违规原因,Attachments/亚马逊知识库原件/账号安全/账号申诉/违规原因.pdf,no,ok,53020
账号安全/账号申诉/违规变体申诉思路.doc,10_亚马逊知识库同步/账号安全/账号申诉/违规变体申诉思路.md,10_亚马逊知识库同步/账号安全/账号申诉/违规变体申诉思路,Attachments/亚马逊知识库原件/账号安全/账号申诉/违规变体申诉思路.doc,no,metadata_only,438272
账号安全/账号申诉/违规评价申诉.doc,10_亚马逊知识库同步/账号安全/账号申诉/违规评价申诉.md,10_亚马逊知识库同步/账号安全/账号申诉/违规评价申诉,Attachments/亚马逊知识库原件/账号安全/账号申诉/违规评价申诉.doc,no,metadata_only,40448
账号安全/账号申诉/销量激增 Plan of Action.docx,10_亚马逊知识库同步/账号安全/账号申诉/销量激增 Plan of Action.md,10_亚马逊知识库同步/账号安全/账号申诉/销量激增 Plan of Action,Attachments/亚马逊知识库原件/账号安全/账号申诉/销量激增 Plan of Action.docx,no,ok,21541
账号安全/账号申诉/销量激增.doc,10_亚马逊知识库同步/账号安全/账号申诉/销量激增.md,10_亚马逊知识库同步/账号安全/账号申诉/销量激增,Attachments/亚马逊知识库原件/账号安全/账号申诉/销量激增.doc,no,metadata_only,53248
账号安全/账号风险/8541报错解决(修改信息与系统值冲突).docx,10_亚马逊知识库同步/账号安全/账号风险/8541报错解决(修改信息与系统值冲突).md,10_亚马逊知识库同步/账号安全/账号风险/8541报错解决(修改信息与系统值冲突),Attachments/亚马逊知识库原件/账号安全/账号风险/8541报错解决(修改信息与系统值冲突).docx,no,ok,111337
账号安全/账号风险/OPR自助开启指引.pdf,10_亚马逊知识库同步/账号安全/账号风险/OPR自助开启指引.md,10_亚马逊知识库同步/账号安全/账号风险/OPR自助开启指引,Attachments/亚马逊知识库原件/账号安全/账号风险/OPR自助开启指引.pdf,no,ok,866896
账号安全/账号风险/Transparency透明计划操作指南.pdf,10_亚马逊知识库同步/账号安全/账号风险/Transparency透明计划操作指南.md,10_亚马逊知识库同步/账号安全/账号风险/Transparency透明计划操作指南,Attachments/亚马逊知识库原件/账号安全/账号风险/Transparency透明计划操作指南.pdf,no,ok,2353011
账号安全/账号风险/“零元购”订单取消及风险规避指南.docx,10_亚马逊知识库同步/账号安全/账号风险/“零元购”订单取消及风险规避指南.md,10_亚马逊知识库同步/账号安全/账号风险/“零元购”订单取消及风险规避指南,Attachments/亚马逊知识库原件/账号安全/账号风险/“零元购”订单取消及风险规避指南.docx,no,ok,1057392
账号安全/账号风险/亚马逊万能回复模版.xlsx,10_亚马逊知识库同步/账号安全/账号风险/亚马逊万能回复模版.md,10_亚马逊知识库同步/账号安全/账号风险/亚马逊万能回复模版,Attachments/亚马逊知识库原件/账号安全/账号风险/亚马逊万能回复模版.xlsx,no,ok,123532
账号安全/账号风险/亚马逊各类报错及解决办法.pdf,10_亚马逊知识库同步/账号安全/账号风险/亚马逊各类报错及解决办法.md,10_亚马逊知识库同步/账号安全/账号风险/亚马逊各类报错及解决办法,Attachments/亚马逊知识库原件/账号安全/账号风险/亚马逊各类报错及解决办法.pdf,no,ok,232995
账号安全/账号风险/亚马逊如何投诉错放类目的竞品.docx,10_亚马逊知识库同步/账号安全/账号风险/亚马逊如何投诉错放类目的竞品.md,10_亚马逊知识库同步/账号安全/账号风险/亚马逊如何投诉错放类目的竞品,Attachments/亚马逊知识库原件/账号安全/账号风险/亚马逊如何投诉错放类目的竞品.docx,no,ok,596688
账号安全/账号风险/亚马逊竞对恶意差评后台自助申请删除指引.pdf,10_亚马逊知识库同步/账号安全/账号风险/亚马逊竞对恶意差评后台自助申请删除指引.md,10_亚马逊知识库同步/账号安全/账号风险/亚马逊竞对恶意差评后台自助申请删除指引,Attachments/亚马逊知识库原件/账号安全/账号风险/亚马逊竞对恶意差评后台自助申请删除指引.pdf,no,ok,219138
账号安全/账号风险/亚马逊错误代码指南.pdf,10_亚马逊知识库同步/账号安全/账号风险/亚马逊错误代码指南.md,10_亚马逊知识库同步/账号安全/账号风险/亚马逊错误代码指南,Attachments/亚马逊知识库原件/账号安全/账号风险/亚马逊错误代码指南.pdf,no,ok,975265
账号安全/账号风险/供应链视频认证指南.pdf,10_亚马逊知识库同步/账号安全/账号风险/供应链视频认证指南.md,10_亚马逊知识库同步/账号安全/账号风险/供应链视频认证指南,Attachments/亚马逊知识库原件/账号安全/账号风险/供应链视频认证指南.pdf,no,ok,179636
账号安全/账号风险/品牌注册风险规避指南.docx,10_亚马逊知识库同步/账号安全/账号风险/品牌注册风险规避指南.md,10_亚马逊知识库同步/账号安全/账号风险/品牌注册风险规避指南,Attachments/亚马逊知识库原件/账号安全/账号风险/品牌注册风险规避指南.docx,no,ok,1330537
账号安全/账号风险/品牌注册风险规避指南.xmind,10_亚马逊知识库同步/账号安全/账号风险/品牌注册风险规避指南.md,10_亚马逊知识库同步/账号安全/账号风险/品牌注册风险规避指南,Attachments/亚马逊知识库原件/账号安全/账号风险/品牌注册风险规避指南.xmind,no,ok,424335
账号安全/账号风险/商品被标记为杀虫剂解决办法.doc,10_亚马逊知识库同步/账号安全/账号风险/商品被标记为杀虫剂解决办法.md,10_亚马逊知识库同步/账号安全/账号风险/商品被标记为杀虫剂解决办法,Attachments/亚马逊知识库原件/账号安全/账号风险/商品被标记为杀虫剂解决办法.doc,no,metadata_only,72704
账号安全/账号风险/如何举报违规行为简介.pdf,10_亚马逊知识库同步/账号安全/账号风险/如何举报违规行为简介.md,10_亚马逊知识库同步/账号安全/账号风险/如何举报违规行为简介,Attachments/亚马逊知识库原件/账号安全/账号风险/如何举报违规行为简介.pdf,no,ok,959926
账号安全/账号风险/如何关闭单独商城的站点.docx,10_亚马逊知识库同步/账号安全/账号风险/如何关闭单独商城的站点.md,10_亚马逊知识库同步/账号安全/账号风险/如何关闭单独商城的站点,Attachments/亚马逊知识库原件/账号安全/账号风险/如何关闭单独商城的站点.docx,no,ok,521264
账号安全/账号风险/如何有效处理差评.pdf,10_亚马逊知识库同步/账号安全/账号风险/如何有效处理差评.md,10_亚马逊知识库同步/账号安全/账号风险/如何有效处理差评,Attachments/亚马逊知识库原件/账号安全/账号风险/如何有效处理差评.pdf,no,ok,1166552
账号安全/账号风险/如何避免知识产权侵权.docx,10_亚马逊知识库同步/账号安全/账号风险/如何避免知识产权侵权.md,10_亚马逊知识库同步/账号安全/账号风险/如何避免知识产权侵权,Attachments/亚马逊知识库原件/账号安全/账号风险/如何避免知识产权侵权.docx,no,ok,1625086
账号安全/账号风险/如果被VC纠缠上，可以用这表格投诉.xlsx,10_亚马逊知识库同步/账号安全/账号风险/如果被VC纠缠上，可以用这表格投诉.md,10_亚马逊知识库同步/账号安全/账号风险/如果被VC纠缠上，可以用这表格投诉,Attachments/亚马逊知识库原件/账号安全/账号风险/如果被VC纠缠上，可以用这表格投诉.xlsx,no,ok,9205
账号安全/账号风险/日本亚马逊绩效邮箱大全.xls,10_亚马逊知识库同步/账号安全/账号风险/日本亚马逊绩效邮箱大全.md,10_亚马逊知识库同步/账号安全/账号风险/日本亚马逊绩效邮箱大全,Attachments/亚马逊知识库原件/账号安全/账号风险/日本亚马逊绩效邮箱大全.xls,no,metadata_only,22528
账号安全/账号风险/站外推广干货-侵权类型.xlsx,10_亚马逊知识库同步/账号安全/账号风险/站外推广干货-侵权类型.md,10_亚马逊知识库同步/账号安全/账号风险/站外推广干货-侵权类型,Attachments/亚马逊知识库原件/账号安全/账号风险/站外推广干货-侵权类型.xlsx,no,ok,11588805
账号安全/账号风险/美国站年度认证：消费者告知法案.pdf,10_亚马逊知识库同步/账号安全/账号风险/美国站年度认证：消费者告知法案.md,10_亚马逊知识库同步/账号安全/账号风险/美国站年度认证：消费者告知法案,Attachments/亚马逊知识库原件/账号安全/账号风险/美国站年度认证：消费者告知法案.pdf,no,ok,7382289
账号安全/账号风险/解绑品牌备案教程.docx,10_亚马逊知识库同步/账号安全/账号风险/解绑品牌备案教程.md,10_亚马逊知识库同步/账号安全/账号风险/解绑品牌备案教程,Attachments/亚马逊知识库原件/账号安全/账号风险/解绑品牌备案教程.docx,no,ok,116256
账号安全/账号风险/重新激活账户步骤.docx,10_亚马逊知识库同步/账号安全/账号风险/重新激活账户步骤.md,10_亚马逊知识库同步/账号安全/账号风险/重新激活账户步骤,Attachments/亚马逊知识库原件/账号安全/账号风险/重新激活账户步骤.docx,no,ok,478678
账号安全/黑帽玩法/12种亚马逊赶跟卖全攻略.docx,99_隔离_黑帽资料/账号安全/黑帽玩法/12种亚马逊赶跟卖全攻略.md,99_隔离_黑帽资料/账号安全/黑帽玩法/12种亚马逊赶跟卖全攻略,99_隔离_黑帽资料/_原件/账号安全/黑帽玩法/12种亚马逊赶跟卖全攻略.docx,yes,quarantined_no_extract,466441
账号安全/黑帽玩法/2025亚马逊恶搞竞争对手大全.docx,99_隔离_黑帽资料/账号安全/黑帽玩法/2025亚马逊恶搞竞争对手大全.md,99_隔离_黑帽资料/账号安全/黑帽玩法/2025亚马逊恶搞竞争对手大全,99_隔离_黑帽资料/_原件/账号安全/黑帽玩法/2025亚马逊恶搞竞争对手大全.docx,yes,quarantined_no_extract,15001
账号安全/黑帽玩法/23种赶跟卖方法.pdf,99_隔离_黑帽资料/账号安全/黑帽玩法/23种赶跟卖方法.md,99_隔离_黑帽资料/账号安全/黑帽玩法/23种赶跟卖方法,99_隔离_黑帽资料/_原件/账号安全/黑帽玩法/23种赶跟卖方法.pdf,yes,quarantined_no_extract,356417
账号安全/黑帽玩法/shopify赶跟卖教程.docx,99_隔离_黑帽资料/账号安全/黑帽玩法/shopify赶跟卖教程.md,99_隔离_黑帽资料/账号安全/黑帽玩法/shopify赶跟卖教程,99_隔离_黑帽资料/_原件/账号安全/黑帽玩法/shopify赶跟卖教程.docx,yes,quarantined_no_extract,12312
账号安全/黑帽玩法/亚马逊利用独立站版权投诉法及其他反击方法.pdf,99_隔离_黑帽资料/账号安全/黑帽玩法/亚马逊利用独立站版权投诉法及其他反击方法.md,99_隔离_黑帽资料/账号安全/黑帽玩法/亚马逊利用独立站版权投诉法及其他反击方法,99_隔离_黑帽资料/_原件/账号安全/黑帽玩法/亚马逊利用独立站版权投诉法及其他反击方法.pdf,yes,quarantined_no_extract,5666151
账号安全/黑帽玩法/亚马逊卖家必学！防跟卖和赶跟卖技巧！.pdf,99_隔离_黑帽资料/账号安全/黑帽玩法/亚马逊卖家必学！防跟卖和赶跟卖技巧！.md,99_隔离_黑帽资料/账号安全/黑帽玩法/亚马逊卖家必学！防跟卖和赶跟卖技巧！,99_隔离_黑帽资料/_原件/账号安全/黑帽玩法/亚马逊卖家必学！防跟卖和赶跟卖技巧！.pdf,yes,quarantined_no_extract,811378
账号安全/黑帽玩法/亚马逊平台上被竞争对手恶搞listing变狗的六种情况的解决方法汇总.pdf,99_隔离_黑帽资料/账号安全/黑帽玩法/亚马逊平台上被竞争对手恶搞listing变狗的六种情况的解决方法汇总.md,99_隔离_黑帽资料/账号安全/黑帽玩法/亚马逊平台上被竞争对手恶搞listing变狗的六种情况的解决方法汇总,99_隔离_黑帽资料/_原件/账号安全/黑帽玩法/亚马逊平台上被竞争对手恶搞listing变狗的六种情况的解决方法汇总.pdf,yes,quarantined_no_extract,520868
账号安全/黑帽玩法/亚马逊种子评论打造与合并技巧超详解.pdf,99_隔离_黑帽资料/账号安全/黑帽玩法/亚马逊种子评论打造与合并技巧超详解.md,99_隔离_黑帽资料/账号安全/黑帽玩法/亚马逊种子评论打造与合并技巧超详解,99_隔离_黑帽资料/_原件/账号安全/黑帽玩法/亚马逊种子评论打造与合并技巧超详解.pdf,yes,quarantined_no_extract,1128875
账号安全/黑帽玩法/亚马逊跨站点“黑科技”.docx,99_隔离_黑帽资料/账号安全/黑帽玩法/亚马逊跨站点“黑科技”.md,99_隔离_黑帽资料/账号安全/黑帽玩法/亚马逊跨站点“黑科技”,99_隔离_黑帽资料/_原件/账号安全/黑帽玩法/亚马逊跨站点“黑科技”.docx,yes,quarantined_no_extract,297244
账号安全/黑帽玩法/修改增加类目节点的方法汇总.docx,99_隔离_黑帽资料/账号安全/黑帽玩法/修改增加类目节点的方法汇总.md,99_隔离_黑帽资料/账号安全/黑帽玩法/修改增加类目节点的方法汇总,99_隔离_黑帽资料/_原件/账号安全/黑帽玩法/修改增加类目节点的方法汇总.docx,yes,quarantined_no_extract,28809
账号安全/黑帽玩法/分享亚马逊库存快速上架的方法.docx,99_隔离_黑帽资料/账号安全/黑帽玩法/分享亚马逊库存快速上架的方法.md,99_隔离_黑帽资料/账号安全/黑帽玩法/分享亚马逊库存快速上架的方法,99_隔离_黑帽资料/_原件/账号安全/黑帽玩法/分享亚马逊库存快速上架的方法.docx,yes,quarantined_no_extract,247670
账号安全/黑帽玩法/利用亚马逊客服删差评话术模板.pdf,99_隔离_黑帽资料/账号安全/黑帽玩法/利用亚马逊客服删差评话术模板.md,99_隔离_黑帽资料/账号安全/黑帽玩法/利用亚马逊客服删差评话术模板,99_隔离_黑帽资料/_原件/账号安全/黑帽玩法/利用亚马逊客服删差评话术模板.pdf,yes,quarantined_no_extract,267482
账号安全/黑帽玩法/反击恶搞教程.pdf,99_隔离_黑帽资料/账号安全/黑帽玩法/反击恶搞教程.md,99_隔离_黑帽资料/账号安全/黑帽玩法/反击恶搞教程,99_隔离_黑帽资料/_原件/账号安全/黑帽玩法/反击恶搞教程.pdf,yes,quarantined_no_extract,1208430
账号安全/黑帽玩法/多开节点的方法.docx,99_隔离_黑帽资料/账号安全/黑帽玩法/多开节点的方法.md,99_隔离_黑帽资料/账号安全/黑帽玩法/多开节点的方法,99_隔离_黑帽资料/_原件/账号安全/黑帽玩法/多开节点的方法.docx,yes,quarantined_no_extract,15451
账号安全/黑帽玩法/常规翻新加跨站点翻新.docx,99_隔离_黑帽资料/账号安全/黑帽玩法/常规翻新加跨站点翻新.md,99_隔离_黑帽资料/账号安全/黑帽玩法/常规翻新加跨站点翻新,99_隔离_黑帽资料/_原件/账号安全/黑帽玩法/常规翻新加跨站点翻新.docx,yes,quarantined_no_extract,243410
账号安全/黑帽玩法/店铺被封后品牌备案解绑.docx,99_隔离_黑帽资料/账号安全/黑帽玩法/店铺被封后品牌备案解绑.md,99_隔离_黑帽资料/账号安全/黑帽玩法/店铺被封后品牌备案解绑,99_隔离_黑帽资料/_原件/账号安全/黑帽玩法/店铺被封后品牌备案解绑.docx,yes,quarantined_no_extract,410933
账号安全/黑帽玩法/恶意直评删除方法.docx,99_隔离_黑帽资料/账号安全/黑帽玩法/恶意直评删除方法.md,99_隔离_黑帽资料/账号安全/黑帽玩法/恶意直评删除方法,99_隔离_黑帽资料/_原件/账号安全/黑帽玩法/恶意直评删除方法.docx,yes,quarantined_no_extract,785185
账号安全/黑帽玩法/拆竞对僵尸评论.pdf,99_隔离_黑帽资料/账号安全/黑帽玩法/拆竞对僵尸评论.md,99_隔离_黑帽资料/账号安全/黑帽玩法/拆竞对僵尸评论,99_隔离_黑帽资料/_原件/账号安全/黑帽玩法/拆竞对僵尸评论.pdf,yes,quarantined_no_extract,741289
账号安全/黑帽玩法/拆除竞品僵尸链接方法.pdf,99_隔离_黑帽资料/账号安全/黑帽玩法/拆除竞品僵尸链接方法.md,99_隔离_黑帽资料/账号安全/黑帽玩法/拆除竞品僵尸链接方法,99_隔离_黑帽资料/_原件/账号安全/黑帽玩法/拆除竞品僵尸链接方法.pdf,yes,quarantined_no_extract,362290
账号安全/黑帽玩法/无限秒杀投诉.pdf,99_隔离_黑帽资料/账号安全/黑帽玩法/无限秒杀投诉.md,99_隔离_黑帽资料/账号安全/黑帽玩法/无限秒杀投诉,99_隔离_黑帽资料/_原件/账号安全/黑帽玩法/无限秒杀投诉.pdf,yes,quarantined_no_extract,1653486
账号安全/黑帽玩法/最新亚马逊产品差评移除方法.pdf,99_隔离_黑帽资料/账号安全/黑帽玩法/最新亚马逊产品差评移除方法.md,99_隔离_黑帽资料/账号安全/黑帽玩法/最新亚马逊产品差评移除方法,99_隔离_黑帽资料/_原件/账号安全/黑帽玩法/最新亚马逊产品差评移除方法.pdf,yes,quarantined_no_extract,1499499
账号安全/黑帽玩法/白帽无限BD操作解析.pdf,99_隔离_黑帽资料/账号安全/黑帽玩法/白帽无限BD操作解析.md,99_隔离_黑帽资料/账号安全/黑帽玩法/白帽无限BD操作解析,99_隔离_黑帽资料/_原件/账号安全/黑帽玩法/白帽无限BD操作解析.pdf,yes,quarantined_no_extract,335214
账号安全/黑帽玩法/秒杀失败-未验证的参考价-解决方法.pdf,99_隔离_黑帽资料/账号安全/黑帽玩法/秒杀失败-未验证的参考价-解决方法.md,99_隔离_黑帽资料/账号安全/黑帽玩法/秒杀失败-未验证的参考价-解决方法,99_隔离_黑帽资料/_原件/账号安全/黑帽玩法/秒杀失败-未验证的参考价-解决方法.pdf,yes,quarantined_no_extract,507686
账号安全/黑帽玩法/突破限制发货流程.docx,99_隔离_黑帽资料/账号安全/黑帽玩法/突破限制发货流程.md,99_隔离_黑帽资料/账号安全/黑帽玩法/突破限制发货流程,99_隔离_黑帽资料/_原件/账号安全/黑帽玩法/突破限制发货流程.docx,yes,quarantined_no_extract,360296
账号安全/黑帽玩法/翻新教程.pdf,99_隔离_黑帽资料/账号安全/黑帽玩法/翻新教程.md,99_隔离_黑帽资料/账号安全/黑帽玩法/翻新教程,99_隔离_黑帽资料/_原件/账号安全/黑帽玩法/翻新教程.pdf,yes,quarantined_no_extract,406007
"账号安全/黑帽玩法/被竞争对手用独立站投诉版权侵权,有什么有效的办法可以预防吗？.docx","99_隔离_黑帽资料/账号安全/黑帽玩法/被竞争对手用独立站投诉版权侵权,有什么有效的办法可以预防吗？.md","99_隔离_黑帽资料/账号安全/黑帽玩法/被竞争对手用独立站投诉版权侵权,有什么有效的办法可以预防吗？","99_隔离_黑帽资料/_原件/账号安全/黑帽玩法/被竞争对手用独立站投诉版权侵权,有什么有效的办法可以预防吗？.docx",yes,quarantined_no_extract,301847
账号安全/黑帽玩法/解密大卖是如何在首页卡视频？（附高质量的测评实操步骤）.docx,99_隔离_黑帽资料/账号安全/黑帽玩法/解密大卖是如何在首页卡视频？（附高质量的测评实操步骤）.md,99_隔离_黑帽资料/账号安全/黑帽玩法/解密大卖是如何在首页卡视频？（附高质量的测评实操步骤）,99_隔离_黑帽资料/_原件/账号安全/黑帽玩法/解密大卖是如何在首页卡视频？（附高质量的测评实操步骤）.docx,yes,quarantined_no_extract,513825
账号安全/黑帽玩法/赶跟卖二十三招.pdf,99_隔离_黑帽资料/账号安全/黑帽玩法/赶跟卖二十三招.md,99_隔离_黑帽资料/账号安全/黑帽玩法/赶跟卖二十三招,99_隔离_黑帽资料/_原件/账号安全/黑帽玩法/赶跟卖二十三招.pdf,yes,quarantined_no_extract,356391
账号安全/黑帽玩法/跟卖.jpg,99_隔离_黑帽资料/账号安全/黑帽玩法/跟卖.md,99_隔离_黑帽资料/账号安全/黑帽玩法/跟卖,99_隔离_黑帽资料/_原件/账号安全/黑帽玩法/跟卖.jpg,yes,quarantined_no_extract,423936
账号安全/黑帽玩法/高退货率标签的预防以及三个消除办法.docx,99_隔离_黑帽资料/账号安全/黑帽玩法/高退货率标签的预防以及三个消除办法.md,99_隔离_黑帽资料/账号安全/黑帽玩法/高退货率标签的预防以及三个消除办法,99_隔离_黑帽资料/_原件/账号安全/黑帽玩法/高退货率标签的预防以及三个消除办法.docx,yes,quarantined_no_extract,5514864
选品开发/专利侵权/外观专利查询.pdf,10_亚马逊知识库同步/选品开发/专利侵权/外观专利查询.md,10_亚马逊知识库同步/选品开发/专利侵权/外观专利查询,Attachments/亚马逊知识库原件/选品开发/专利侵权/外观专利查询.pdf,no,ok,3346508
选品开发/专利侵权/站外推广干货-侵权类型.xlsx,10_亚马逊知识库同步/选品开发/专利侵权/站外推广干货-侵权类型.md,10_亚马逊知识库同步/选品开发/专利侵权/站外推广干货-侵权类型,Attachments/亚马逊知识库原件/选品开发/专利侵权/站外推广干货-侵权类型.xlsx,no,ok,11588805
选品开发/产品开发/2025亚马逊爆款选品思维.docx,10_亚马逊知识库同步/选品开发/产品开发/2025亚马逊爆款选品思维.md,10_亚马逊知识库同步/选品开发/产品开发/2025亚马逊爆款选品思维,Attachments/亚马逊知识库原件/选品开发/产品开发/2025亚马逊爆款选品思维.docx,no,ok,2899125
选品开发/产品开发/3800+条奇妙选品创意需求清单.pdf,10_亚马逊知识库同步/选品开发/产品开发/3800+条奇妙选品创意需求清单.md,10_亚马逊知识库同步/选品开发/产品开发/3800+条奇妙选品创意需求清单,Attachments/亚马逊知识库原件/选品开发/产品开发/3800+条奇妙选品创意需求清单.pdf,no,ok,1071848
选品开发/产品开发/AMZ选品利润指标.xlsx,10_亚马逊知识库同步/选品开发/产品开发/AMZ选品利润指标.md,10_亚马逊知识库同步/选品开发/产品开发/AMZ选品利润指标,Attachments/亚马逊知识库原件/选品开发/产品开发/AMZ选品利润指标.xlsx,no,ok,18465
选品开发/产品开发/亚马逊2025年最佳和最差销售品类.pdf,10_亚马逊知识库同步/选品开发/产品开发/亚马逊2025年最佳和最差销售品类.md,10_亚马逊知识库同步/选品开发/产品开发/亚马逊2025年最佳和最差销售品类,Attachments/亚马逊知识库原件/选品开发/产品开发/亚马逊2025年最佳和最差销售品类.pdf,no,ok,10768073
选品开发/产品开发/亚马逊产品开发工作流程拆解.pdf,10_亚马逊知识库同步/选品开发/产品开发/亚马逊产品开发工作流程拆解.md,10_亚马逊知识库同步/选品开发/产品开发/亚马逊产品开发工作流程拆解,Attachments/亚马逊知识库原件/选品开发/产品开发/亚马逊产品开发工作流程拆解.pdf,no,ok,702326
选品开发/产品开发/亚马逊产品开发方法(完整版）.xmind,10_亚马逊知识库同步/选品开发/产品开发/亚马逊产品开发方法(完整版）.md,10_亚马逊知识库同步/选品开发/产品开发/亚马逊产品开发方法(完整版）,Attachments/亚马逊知识库原件/选品开发/产品开发/亚马逊产品开发方法(完整版）.xmind,no,ok,296581
选品开发/产品开发/亚马逊产品开发流程及IPMS的应用.xmind,10_亚马逊知识库同步/选品开发/产品开发/亚马逊产品开发流程及IPMS的应用.md,10_亚马逊知识库同步/选品开发/产品开发/亚马逊产品开发流程及IPMS的应用,Attachments/亚马逊知识库原件/选品开发/产品开发/亚马逊产品开发流程及IPMS的应用.xmind,no,ok,306903
选品开发/产品开发/亚马逊产品开发详解 (1).docx,10_亚马逊知识库同步/选品开发/产品开发/亚马逊产品开发详解 (1).md,10_亚马逊知识库同步/选品开发/产品开发/亚马逊产品开发详解 (1),Attachments/亚马逊知识库原件/选品开发/产品开发/亚马逊产品开发详解 (1).docx,no,ok,1642494
选品开发/产品开发/亚马逊全球消费趋势及选品报告-北美站.pdf,10_亚马逊知识库同步/选品开发/产品开发/亚马逊全球消费趋势及选品报告-北美站.md,10_亚马逊知识库同步/选品开发/产品开发/亚马逊全球消费趋势及选品报告-北美站,Attachments/亚马逊知识库原件/选品开发/产品开发/亚马逊全球消费趋势及选品报告-北美站.pdf,no,ok,14267198
选品开发/产品开发/亚马逊利润计算器（粗算版）.xlsx,10_亚马逊知识库同步/选品开发/产品开发/亚马逊利润计算器（粗算版）.md,10_亚马逊知识库同步/选品开发/产品开发/亚马逊利润计算器（粗算版）,Attachments/亚马逊知识库原件/选品开发/产品开发/亚马逊利润计算器（粗算版）.xlsx,no,ok,13353
选品开发/产品开发/亚马逊官方选品方法论《五三选品法》.pdf,10_亚马逊知识库同步/选品开发/产品开发/亚马逊官方选品方法论《五三选品法》.md,10_亚马逊知识库同步/选品开发/产品开发/亚马逊官方选品方法论《五三选品法》,Attachments/亚马逊知识库原件/选品开发/产品开发/亚马逊官方选品方法论《五三选品法》.pdf,no,ok,4254962
选品开发/产品开发/亚马逊爆款选品市场调研10维度分析指标.pdf,10_亚马逊知识库同步/选品开发/产品开发/亚马逊爆款选品市场调研10维度分析指标.md,10_亚马逊知识库同步/选品开发/产品开发/亚马逊爆款选品市场调研10维度分析指标,Attachments/亚马逊知识库原件/选品开发/产品开发/亚马逊爆款选品市场调研10维度分析指标.pdf,no,ok,2447614
选品开发/产品开发/亚马逊选品的三维度八个方法.docx,10_亚马逊知识库同步/选品开发/产品开发/亚马逊选品的三维度八个方法.md,10_亚马逊知识库同步/选品开发/产品开发/亚马逊选品的三维度八个方法,Attachments/亚马逊知识库原件/选品开发/产品开发/亚马逊选品的三维度八个方法.docx,no,ok,2578664
选品开发/产品开发/亚马逊选品知识干货.pdf,10_亚马逊知识库同步/选品开发/产品开发/亚马逊选品知识干货.md,10_亚马逊知识库同步/选品开发/产品开发/亚马逊选品知识干货,Attachments/亚马逊知识库原件/选品开发/产品开发/亚马逊选品知识干货.pdf,no,ok,3798046
选品开发/产品开发/产品开发如何做人群分析.xmind,10_亚马逊知识库同步/选品开发/产品开发/产品开发如何做人群分析.md,10_亚马逊知识库同步/选品开发/产品开发/产品开发如何做人群分析,Attachments/亚马逊知识库原件/选品开发/产品开发/产品开发如何做人群分析.xmind,no,ok,3049503
选品开发/产品开发/产品开发的用户需求洞察怎么做.docx,10_亚马逊知识库同步/选品开发/产品开发/产品开发的用户需求洞察怎么做.md,10_亚马逊知识库同步/选品开发/产品开发/产品开发的用户需求洞察怎么做,Attachments/亚马逊知识库原件/选品开发/产品开发/产品开发的用户需求洞察怎么做.docx,no,ok,1382182
选品开发/产品开发/产品开发表格.xlsx,10_亚马逊知识库同步/选品开发/产品开发/产品开发表格.md,10_亚马逊知识库同步/选品开发/产品开发/产品开发表格,Attachments/亚马逊知识库原件/选品开发/产品开发/产品开发表格.xlsx,no,ok,1450375
选品开发/产品开发/产品经理工作流程.docx,10_亚马逊知识库同步/选品开发/产品开发/产品经理工作流程.md,10_亚马逊知识库同步/选品开发/产品开发/产品经理工作流程,Attachments/亚马逊知识库原件/选品开发/产品开发/产品经理工作流程.docx,no,ok,369902
选品开发/产品开发/产品经理思维构造.pdf,10_亚马逊知识库同步/选品开发/产品开发/产品经理思维构造.md,10_亚马逊知识库同步/选品开发/产品开发/产品经理思维构造,Attachments/亚马逊知识库原件/选品开发/产品开发/产品经理思维构造.pdf,no,ok,308980
选品开发/产品开发/从0到爆款：亚马逊品牌商品企划的九步实操全拆解 (1).docx,10_亚马逊知识库同步/选品开发/产品开发/从0到爆款：亚马逊品牌商品企划的九步实操全拆解 (1).md,10_亚马逊知识库同步/选品开发/产品开发/从0到爆款：亚马逊品牌商品企划的九步实操全拆解 (1),Attachments/亚马逊知识库原件/选品开发/产品开发/从0到爆款：亚马逊品牌商品企划的九步实操全拆解 (1).docx,no,ok,2175364
选品开发/产品开发/别再跟风！这些蓝海产品选品做货技巧，让你快人一步！.pdf,10_亚马逊知识库同步/选品开发/产品开发/别再跟风！这些蓝海产品选品做货技巧，让你快人一步！.md,10_亚马逊知识库同步/选品开发/产品开发/别再跟风！这些蓝海产品选品做货技巧，让你快人一步！,Attachments/亚马逊知识库原件/选品开发/产品开发/别再跟风！这些蓝海产品选品做货技巧，让你快人一步！.pdf,no,ok,212496
选品开发/产品开发/多维度调研分值风险评估表.xlsx,10_亚马逊知识库同步/选品开发/产品开发/多维度调研分值风险评估表.md,10_亚马逊知识库同步/选品开发/产品开发/多维度调研分值风险评估表,Attachments/亚马逊知识库原件/选品开发/产品开发/多维度调研分值风险评估表.xlsx,no,ok,14977
选品开发/产品开发/如何进阶为亚马逊产品开发高手.xmind,10_亚马逊知识库同步/选品开发/产品开发/如何进阶为亚马逊产品开发高手.md,10_亚马逊知识库同步/选品开发/产品开发/如何进阶为亚马逊产品开发高手,Attachments/亚马逊知识库原件/选品开发/产品开发/如何进阶为亚马逊产品开发高手.xmind,no,ok,380923
选品开发/产品开发/如何通过挖掘买家评价开发产品的方法思路.pdf,10_亚马逊知识库同步/选品开发/产品开发/如何通过挖掘买家评价开发产品的方法思路.md,10_亚马逊知识库同步/选品开发/产品开发/如何通过挖掘买家评价开发产品的方法思路,Attachments/亚马逊知识库原件/选品开发/产品开发/如何通过挖掘买家评价开发产品的方法思路.pdf,no,ok,761023
选品开发/产品开发/拉链聚乙烯袋调研报告.docx,10_亚马逊知识库同步/选品开发/产品开发/拉链聚乙烯袋调研报告.md,10_亚马逊知识库同步/选品开发/产品开发/拉链聚乙烯袋调研报告,Attachments/亚马逊知识库原件/选品开发/产品开发/拉链聚乙烯袋调研报告.docx,no,ok,1684212
选品开发/产品开发/爆品改款避侵权指引手册.pdf,10_亚马逊知识库同步/选品开发/产品开发/爆品改款避侵权指引手册.md,10_亚马逊知识库同步/选品开发/产品开发/爆品改款避侵权指引手册,Attachments/亚马逊知识库原件/选品开发/产品开发/爆品改款避侵权指引手册.pdf,no,ok,2935118
选品开发/产品开发/爆款产品如何量化和落实目标 (3).docx,10_亚马逊知识库同步/选品开发/产品开发/爆款产品如何量化和落实目标 (3).md,10_亚马逊知识库同步/选品开发/产品开发/爆款产品如何量化和落实目标 (3),Attachments/亚马逊知识库原件/选品开发/产品开发/爆款产品如何量化和落实目标 (3).docx,no,ok,27340
选品开发/产品开发/用户思维产品研发法.docx,10_亚马逊知识库同步/选品开发/产品开发/用户思维产品研发法.md,10_亚马逊知识库同步/选品开发/产品开发/用户思维产品研发法,Attachments/亚马逊知识库原件/选品开发/产品开发/用户思维产品研发法.docx,no,ok,973983
选品开发/产品开发/表格-产品分析-通用.xlsx,10_亚马逊知识库同步/选品开发/产品开发/表格-产品分析-通用.md,10_亚马逊知识库同步/选品开发/产品开发/表格-产品分析-通用,Attachments/亚马逊知识库原件/选品开发/产品开发/表格-产品分析-通用.xlsx,no,ok,250847
选品开发/产品开发/选品现场详细利润计算表+投资回报率+贡献毛益.xlsx,10_亚马逊知识库同步/选品开发/产品开发/选品现场详细利润计算表+投资回报率+贡献毛益.md,10_亚马逊知识库同步/选品开发/产品开发/选品现场详细利润计算表+投资回报率+贡献毛益,Attachments/亚马逊知识库原件/选品开发/产品开发/选品现场详细利润计算表+投资回报率+贡献毛益.xlsx,no,ok,43170
选品开发/产品开发/高阶产品开发逻辑框架.xmind,10_亚马逊知识库同步/选品开发/产品开发/高阶产品开发逻辑框架.md,10_亚马逊知识库同步/选品开发/产品开发/高阶产品开发逻辑框架,Attachments/亚马逊知识库原件/选品开发/产品开发/高阶产品开发逻辑框架.xmind,no,ok,1680420
选品开发/供应商管理/产业带相关数据共享.pdf,10_亚马逊知识库同步/选品开发/供应商管理/产业带相关数据共享.md,10_亚马逊知识库同步/选品开发/供应商管理/产业带相关数据共享,Attachments/亚马逊知识库原件/选品开发/供应商管理/产业带相关数据共享.pdf,no,ok,2473739
选品开发/供应商管理/包装印刷行业策略及机会.pdf,10_亚马逊知识库同步/选品开发/供应商管理/包装印刷行业策略及机会.md,10_亚马逊知识库同步/选品开发/供应商管理/包装印刷行业策略及机会,Attachments/亚马逊知识库原件/选品开发/供应商管理/包装印刷行业策略及机会.pdf,no,ok,13512789
选品开发/竞品分析/产品调研分析报告-护膝Best Sellers.pptx,10_亚马逊知识库同步/选品开发/竞品分析/产品调研分析报告-护膝Best Sellers.md,10_亚马逊知识库同步/选品开发/竞品分析/产品调研分析报告-护膝Best Sellers,Attachments/亚马逊知识库原件/选品开发/竞品分析/产品调研分析报告-护膝Best Sellers.pptx,no,ok,858610
选品开发/竞品分析/产品调研报告模板.xlsx,10_亚马逊知识库同步/选品开发/竞品分析/产品调研报告模板.md,10_亚马逊知识库同步/选品开发/竞品分析/产品调研报告模板,Attachments/亚马逊知识库原件/选品开发/竞品分析/产品调研报告模板.xlsx,no,ok,1743023
选品开发/竞品分析/分析竞争对手的思维导图.jpg,10_亚马逊知识库同步/选品开发/竞品分析/分析竞争对手的思维导图.md,10_亚马逊知识库同步/选品开发/竞品分析/分析竞争对手的思维导图,Attachments/亚马逊知识库原件/选品开发/竞品分析/分析竞争对手的思维导图.jpg,no,metadata_only,153370
选品开发/竞品分析/如何反查亚马逊竞品站外流量.docx,10_亚马逊知识库同步/选品开发/竞品分析/如何反查亚马逊竞品站外流量.md,10_亚马逊知识库同步/选品开发/竞品分析/如何反查亚马逊竞品站外流量,Attachments/亚马逊知识库原件/选品开发/竞品分析/如何反查亚马逊竞品站外流量.docx,no,ok,16304
选品开发/竞品分析/摸清亚马逊竞品站外流量.xmind,10_亚马逊知识库同步/选品开发/竞品分析/摸清亚马逊竞品站外流量.md,10_亚马逊知识库同步/选品开发/竞品分析/摸清亚马逊竞品站外流量,Attachments/亚马逊知识库原件/选品开发/竞品分析/摸清亚马逊竞品站外流量.xmind,no,ok,304346
选品开发/竞品分析/深入分析亚马逊卖家综合实力的完整指南 (1).docx,10_亚马逊知识库同步/选品开发/竞品分析/深入分析亚马逊卖家综合实力的完整指南 (1).md,10_亚马逊知识库同步/选品开发/竞品分析/深入分析亚马逊卖家综合实力的完整指南 (1),Attachments/亚马逊知识库原件/选品开发/竞品分析/深入分析亚马逊卖家综合实力的完整指南 (1).docx,no,ok,941547
选品开发/竞品分析/竞争对手分析表.xls,10_亚马逊知识库同步/选品开发/竞品分析/竞争对手分析表.md,10_亚马逊知识库同步/选品开发/竞品分析/竞争对手分析表,Attachments/亚马逊知识库原件/选品开发/竞品分析/竞争对手分析表.xls,no,metadata_only,32256
选品开发/竞品分析/竞品调研&推广计划表.xlsx,10_亚马逊知识库同步/选品开发/竞品分析/竞品调研&推广计划表.md,10_亚马逊知识库同步/选品开发/竞品分析/竞品调研&推广计划表,Attachments/亚马逊知识库原件/选品开发/竞品分析/竞品调研&推广计划表.xlsx,no,ok,700956
选品开发/竞品分析/竞品调研模板.xlsx,10_亚马逊知识库同步/选品开发/竞品分析/竞品调研模板.md,10_亚马逊知识库同步/选品开发/竞品分析/竞品调研模板,Attachments/亚马逊知识库原件/选品开发/竞品分析/竞品调研模板.xlsx,no,ok,22857
选品开发/竞品分析/竞对分析.xlsx,10_亚马逊知识库同步/选品开发/竞品分析/竞对分析.md,10_亚马逊知识库同步/选品开发/竞品分析/竞对分析,Attachments/亚马逊知识库原件/选品开发/竞品分析/竞对分析.xlsx,no,ok,367825
选品开发/类目分析/1000个亚马逊冷门蓝海产品清单.xlsx,10_亚马逊知识库同步/选品开发/类目分析/1000个亚马逊冷门蓝海产品清单.md,10_亚马逊知识库同步/选品开发/类目分析/1000个亚马逊冷门蓝海产品清单,Attachments/亚马逊知识库原件/选品开发/类目分析/1000个亚马逊冷门蓝海产品清单.xlsx,no,ok,4304270
选品开发/类目分析/2025全球电商消费趋势及选品洞察报告.pdf,10_亚马逊知识库同步/选品开发/类目分析/2025全球电商消费趋势及选品洞察报告.md,10_亚马逊知识库同步/选品开发/类目分析/2025全球电商消费趋势及选品洞察报告,Attachments/亚马逊知识库原件/选品开发/类目分析/2025全球电商消费趋势及选品洞察报告.pdf,no,ok,11434753
选品开发/类目分析/亚马逊可做类目.xls,10_亚马逊知识库同步/选品开发/类目分析/亚马逊可做类目.md,10_亚马逊知识库同步/选品开发/类目分析/亚马逊可做类目,Attachments/亚马逊知识库原件/选品开发/类目分析/亚马逊可做类目.xls,no,metadata_only,255488
选品开发/类目分析/可再生能源行业预测及新贸节攻略.pdf,10_亚马逊知识库同步/选品开发/类目分析/可再生能源行业预测及新贸节攻略.md,10_亚马逊知识库同步/选品开发/类目分析/可再生能源行业预测及新贸节攻略,Attachments/亚马逊知识库原件/选品开发/类目分析/可再生能源行业预测及新贸节攻略.pdf,no,ok,12577511
选品开发/类目分析/宠物喂食器-行业分析报告.pdf,10_亚马逊知识库同步/选品开发/类目分析/宠物喂食器-行业分析报告.md,10_亚马逊知识库同步/选品开发/类目分析/宠物喂食器-行业分析报告,Attachments/亚马逊知识库原件/选品开发/类目分析/宠物喂食器-行业分析报告.pdf,no,ok,10896674
选品开发/类目分析/市场报告-颈部冷敷器.pdf,10_亚马逊知识库同步/选品开发/类目分析/市场报告-颈部冷敷器.md,10_亚马逊知识库同步/选品开发/类目分析/市场报告-颈部冷敷器,Attachments/亚马逊知识库原件/选品开发/类目分析/市场报告-颈部冷敷器.pdf,no,ok,10055902
选品开发/类目分析/服装行业2023春夏趋势及新贸节会场介绍.pdf,10_亚马逊知识库同步/选品开发/类目分析/服装行业2023春夏趋势及新贸节会场介绍.md,10_亚马逊知识库同步/选品开发/类目分析/服装行业2023春夏趋势及新贸节会场介绍,Attachments/亚马逊知识库原件/选品开发/类目分析/服装行业2023春夏趋势及新贸节会场介绍.pdf,no,ok,21699184
选品开发/类目分析/电子元器件行业趋势与策略.pdf,10_亚马逊知识库同步/选品开发/类目分析/电子元器件行业趋势与策略.md,10_亚马逊知识库同步/选品开发/类目分析/电子元器件行业趋势与策略,Attachments/亚马逊知识库原件/选品开发/类目分析/电子元器件行业趋势与策略.pdf,no,ok,9361256
选品开发/类目分析/美国站&德国站市场调研表.xlsx,10_亚马逊知识库同步/选品开发/类目分析/美国站&德国站市场调研表.md,10_亚马逊知识库同步/选品开发/类目分析/美国站&德国站市场调研表,Attachments/亚马逊知识库原件/选品开发/类目分析/美国站&德国站市场调研表.xlsx,no,ok,107141608
选品开发/选品方法/16个亚马逊选品的分析指标及其应用方式.docx,10_亚马逊知识库同步/选品开发/选品方法/16个亚马逊选品的分析指标及其应用方式.md,10_亚马逊知识库同步/选品开发/选品方法/16个亚马逊选品的分析指标及其应用方式,Attachments/亚马逊知识库原件/选品开发/选品方法/16个亚马逊选品的分析指标及其应用方式.docx,no,ok,383787
选品开发/选品方法/35个选品网站合集.docx,10_亚马逊知识库同步/选品开发/选品方法/35个选品网站合集.md,10_亚马逊知识库同步/选品开发/选品方法/35个选品网站合集,Attachments/亚马逊知识库原件/选品开发/选品方法/35个选品网站合集.docx,no,ok,1895208
选品开发/选品方法/7个步骤做出引爆市场的产品.docx,10_亚马逊知识库同步/选品开发/选品方法/7个步骤做出引爆市场的产品.md,10_亚马逊知识库同步/选品开发/选品方法/7个步骤做出引爆市场的产品,Attachments/亚马逊知识库原件/选品开发/选品方法/7个步骤做出引爆市场的产品.docx,no,ok,327717
选品开发/选品方法/8 个亲身实践的选品方法.pdf,10_亚马逊知识库同步/选品开发/选品方法/8 个亲身实践的选品方法.md,10_亚马逊知识库同步/选品开发/选品方法/8 个亲身实践的选品方法,Attachments/亚马逊知识库原件/选品开发/选品方法/8 个亲身实践的选品方法.pdf,no,ok,1168013
选品开发/选品方法/8个亲身实践的选品方法.pdf,10_亚马逊知识库同步/选品开发/选品方法/8个亲身实践的选品方法.md,10_亚马逊知识库同步/选品开发/选品方法/8个亲身实践的选品方法,Attachments/亚马逊知识库原件/选品开发/选品方法/8个亲身实践的选品方法.pdf,no,ok,4435661
选品开发/选品方法/ABA选品教程含具体案例.xlsx,10_亚马逊知识库同步/选品开发/选品方法/ABA选品教程含具体案例.md,10_亚马逊知识库同步/选品开发/选品方法/ABA选品教程含具体案例,Attachments/亚马逊知识库原件/选品开发/选品方法/ABA选品教程含具体案例.xlsx,no,ok,1369705
选品开发/选品方法/DeepSeek亚马逊小卖家选品指南.pdf,10_亚马逊知识库同步/选品开发/选品方法/DeepSeek亚马逊小卖家选品指南.md,10_亚马逊知识库同步/选品开发/选品方法/DeepSeek亚马逊小卖家选品指南,Attachments/亚马逊知识库原件/选品开发/选品方法/DeepSeek亚马逊小卖家选品指南.pdf,no,ok,2250827
选品开发/选品方法/Tom-脑图.png,10_亚马逊知识库同步/选品开发/选品方法/Tom-脑图.md,10_亚马逊知识库同步/选品开发/选品方法/Tom-脑图,Attachments/亚马逊知识库原件/选品开发/选品方法/Tom-脑图.png,no,metadata_only,1523568
选品开发/选品方法/亚马逊Amazon专业选品计算公式-.xlsx,10_亚马逊知识库同步/选品开发/选品方法/亚马逊Amazon专业选品计算公式-.md,10_亚马逊知识库同步/选品开发/选品方法/亚马逊Amazon专业选品计算公式-,Attachments/亚马逊知识库原件/选品开发/选品方法/亚马逊Amazon专业选品计算公式-.xlsx,no,ok,11260
选品开发/选品方法/亚马逊品牌ABA关键词选品.xlsx,10_亚马逊知识库同步/选品开发/选品方法/亚马逊品牌ABA关键词选品.md,10_亚马逊知识库同步/选品开发/选品方法/亚马逊品牌ABA关键词选品,Attachments/亚马逊知识库原件/选品开发/选品方法/亚马逊品牌ABA关键词选品.xlsx,no,ok,3304273
选品开发/选品方法/亚马逊大卖内部选品思路PPT（共68页）.pdf,10_亚马逊知识库同步/选品开发/选品方法/亚马逊大卖内部选品思路PPT（共68页）.md,10_亚马逊知识库同步/选品开发/选品方法/亚马逊大卖内部选品思路PPT（共68页）,Attachments/亚马逊知识库原件/选品开发/选品方法/亚马逊大卖内部选品思路PPT（共68页）.pdf,no,ok,6907047
选品开发/选品方法/亚马逊新手小卖如何选择产品？.docx,10_亚马逊知识库同步/选品开发/选品方法/亚马逊新手小卖如何选择产品？.md,10_亚马逊知识库同步/选品开发/选品方法/亚马逊新手小卖如何选择产品？,Attachments/亚马逊知识库原件/选品开发/选品方法/亚马逊新手小卖如何选择产品？.docx,no,ok,283102
选品开发/选品方法/亚马逊爆款选品分析.xmind,10_亚马逊知识库同步/选品开发/选品方法/亚马逊爆款选品分析.md,10_亚马逊知识库同步/选品开发/选品方法/亚马逊爆款选品分析,Attachments/亚马逊知识库原件/选品开发/选品方法/亚马逊爆款选品分析.xmind,no,ok,250446
选品开发/选品方法/亚马逊爆款选品市场调研10维度分析指标.pdf,10_亚马逊知识库同步/选品开发/选品方法/亚马逊爆款选品市场调研10维度分析指标.md,10_亚马逊知识库同步/选品开发/选品方法/亚马逊爆款选品市场调研10维度分析指标,Attachments/亚马逊知识库原件/选品开发/选品方法/亚马逊爆款选品市场调研10维度分析指标.pdf,no,ok,2447614
选品开发/选品方法/亚马逊选品超详细教学文档.pdf,10_亚马逊知识库同步/选品开发/选品方法/亚马逊选品超详细教学文档.md,10_亚马逊知识库同步/选品开发/选品方法/亚马逊选品超详细教学文档,Attachments/亚马逊知识库原件/选品开发/选品方法/亚马逊选品超详细教学文档.pdf,no,ok,13216597
选品开发/选品方法/产品选品指标.xmind,10_亚马逊知识库同步/选品开发/选品方法/产品选品指标.md,10_亚马逊知识库同步/选品开发/选品方法/产品选品指标,Attachments/亚马逊知识库原件/选品开发/选品方法/产品选品指标.xmind,no,ok,227652
选品开发/选品方法/六个选品技巧.pdf,10_亚马逊知识库同步/选品开发/选品方法/六个选品技巧.md,10_亚马逊知识库同步/选品开发/选品方法/六个选品技巧,Attachments/亚马逊知识库原件/选品开发/选品方法/六个选品技巧.pdf,no,ok,454722
选品开发/选品方法/关键词选品.xlsx,10_亚马逊知识库同步/选品开发/选品方法/关键词选品.md,10_亚马逊知识库同步/选品开发/选品方法/关键词选品,Attachments/亚马逊知识库原件/选品开发/选品方法/关键词选品.xlsx,no,ok,3304273
选品开发/选品方法/差异化选品.xmind,10_亚马逊知识库同步/选品开发/选品方法/差异化选品.md,10_亚马逊知识库同步/选品开发/选品方法/差异化选品,Attachments/亚马逊知识库原件/选品开发/选品方法/差异化选品.xmind,no,ok,207674
选品开发/选品方法/新奇特网站清单.xlsx,10_亚马逊知识库同步/选品开发/选品方法/新奇特网站清单.md,10_亚马逊知识库同步/选品开发/选品方法/新奇特网站清单,Attachments/亚马逊知识库原件/选品开发/选品方法/新奇特网站清单.xlsx,no,ok,10760
选品开发/选品方法/独立站选品网站清单.xlsx,10_亚马逊知识库同步/选品开发/选品方法/独立站选品网站清单.md,10_亚马逊知识库同步/选品开发/选品方法/独立站选品网站清单,Attachments/亚马逊知识库原件/选品开发/选品方法/独立站选品网站清单.xlsx,no,ok,13126
选品开发/选品方法/选品-打造分享.pdf,10_亚马逊知识库同步/选品开发/选品方法/选品-打造分享.md,10_亚马逊知识库同步/选品开发/选品方法/选品-打造分享,Attachments/亚马逊知识库原件/选品开发/选品方法/选品-打造分享.pdf,no,ok,1474532
选品开发/选品方法/选品22种思路汇总.pdf,10_亚马逊知识库同步/选品开发/选品方法/选品22种思路汇总.md,10_亚马逊知识库同步/选品开发/选品方法/选品22种思路汇总,Attachments/亚马逊知识库原件/选品开发/选品方法/选品22种思路汇总.pdf,no,ok,416072
选品开发/选品方法/选品必备.xlsx,10_亚马逊知识库同步/选品开发/选品方法/选品必备.md,10_亚马逊知识库同步/选品开发/选品方法/选品必备,Attachments/亚马逊知识库原件/选品开发/选品方法/选品必备.xlsx,no,ok,12997
选品开发/选品方法/选品思维PPT.pptx,10_亚马逊知识库同步/选品开发/选品方法/选品思维PPT.md,10_亚马逊知识库同步/选品开发/选品方法/选品思维PPT,Attachments/亚马逊知识库原件/选品开发/选品方法/选品思维PPT.pptx,no,ok,4049626
外部培训资料/佰马汇/2026-05/AI-独立6团.pdf,10_亚马逊知识库同步/佰马汇培训资料/2026-05/AI-独立6团.md,10_亚马逊知识库同步/佰马汇培训资料/2026-05/AI-独立6团,Attachments/外部培训资料/佰马汇/2026-05/AI-独立6团.pdf,no,ok,108084
外部培训资料/佰马汇/2026-05/大卖 2026-05(3).pdf,10_亚马逊知识库同步/佰马汇培训资料/2026-05/大卖 2026-05(3).md,10_亚马逊知识库同步/佰马汇培训资料/2026-05/大卖 2026-05(3),Attachments/外部培训资料/佰马汇/2026-05/大卖 2026-05(3).pdf,no,ok,9253648
外部培训资料/佰马汇/2026-05/大卖班升级2026-5(3).pdf,10_亚马逊知识库同步/佰马汇培训资料/2026-05/大卖班升级2026-5(3).md,10_亚马逊知识库同步/佰马汇培训资料/2026-05/大卖班升级2026-5(3),Attachments/外部培训资料/佰马汇/2026-05/大卖班升级2026-5(3).pdf,no,ok,125655
外部培训资料/佰马汇/2026-05/广告搭建实操.xmind,10_亚马逊知识库同步/佰马汇培训资料/2026-05/广告搭建实操.md,10_亚马逊知识库同步/佰马汇培训资料/2026-05/广告搭建实操,Attachments/外部培训资料/佰马汇/2026-05/广告搭建实操.xmind,no,ok,56545
